"date","time","volser","usage","sys","rate","resp","iosq","pend","disc","conn","lcu"
2019/04/25,17:39:00,"TCAZ01","","*ALL",0.103,0.522,0.000,0.105,0.000,0.417,"00A2"
2019/04/25,17:39:00,"TCAZ01","","A1",0.000,0.000,0.000,0.000,0.000,0.000,"00A2"
2019/04/25,17:39:00,"TCAZ01","","A2",0.103,0.522,0.000,0.105,0.000,0.417,"00A2"
2019/04/25,17:39:00,"TCAZ01","","F1",0.000,0.000,0.000,0.000,0.000,0.000,"00A2"
2019/04/25,17:39:00,"TCAZ01","","F2",0.000,0.000,0.000,0.000,0.000,0.000,"00A2"
2019/04/25,17:39:00,"TCAZ01","","A*",0.103,0.522,0.000,0.105,0.000,0.417,"00A2"
2019/04/25,17:39:00,"TCAZ01","","F*",0.000,0.000,0.000,0.000,0.000,0.000,"00A2"
2019/04/25,17:39:00,"TCAZ02","","*ALL",0.113,0.518,0.000,0.105,0.000,0.412,"00A2"
2019/04/25,17:39:00,"TCAZ02","","A1",0.000,0.000,0.000,0.000,0.000,0.000,"00A2"
2019/04/25,17:39:00,"TCAZ02","","A2",0.010,0.235,0.000,0.107,0.000,0.128,"00A2"
2019/04/25,17:39:00,"TCAZ02","","F1",0.103,0.545,0.000,0.105,0.000,0.440,"00A2"
2019/04/25,17:39:00,"TCAZ02","","F2",0.000,0.000,0.000,0.000,0.000,0.000,"00A2"
2019/04/25,17:39:00,"TCAZ02","","A*",0.010,0.235,0.000,0.107,0.000,0.128,"00A2"
2019/04/25,17:39:00,"TCAZ02","","F*",0.103,0.545,0.000,0.105,0.000,0.440,"00A2"
2019/04/25,17:39:00,"JDOC01","","*ALL",0.000,0.000,0.000,0.000,0.000,0.000,"00A2"
2019/04/25,17:39:00,"JDOC01","","F1",0.000,0.000,0.000,0.000,0.000,0.000,"00A2"
2019/04/25,17:39:00,"JDOC01","","F2",0.000,0.000,0.000,0.000,0.000,0.000,"00A2"
2019/04/25,17:39:00,"JDOC01","","F*",0.000,0.000,0.000,0.000,0.000,0.000,"00A2"
2019/04/25,17:39:00,"JDOC02","","*ALL",0.103,0.531,0.000,0.105,0.000,0.425,"00A2"
2019/04/25,17:39:00,"JDOC02","","A1",0.000,0.000,0.000,0.000,0.000,0.000,"00A2"
2019/04/25,17:39:00,"JDOC02","","A2",0.000,0.000,0.000,0.000,0.000,0.000,"00A2"
2019/04/25,17:39:00,"JDOC02","","F1",0.000,0.000,0.000,0.000,0.000,0.000,"00A2"
2019/04/25,17:39:00,"JDOC02","","F2",0.103,0.531,0.000,0.105,0.000,0.425,"00A2"
2019/04/25,17:39:00,"JDOC02","","A*",0.000,0.000,0.000,0.000,0.000,0.000,"00A2"
2019/04/25,17:39:00,"JDOC02","","F*",0.103,0.531,0.000,0.105,0.000,0.425,"00A2"
2019/04/25,17:39:00,"JDOC03","","*ALL",0.000,0.000,0.000,0.000,0.000,0.000,"00A2"
2019/04/25,17:39:00,"JDOC03","","A1",0.000,0.000,0.000,0.000,0.000,0.000,"00A2"
2019/04/25,17:39:00,"JDOC03","","A2",0.000,0.000,0.000,0.000,0.000,0.000,"00A2"
2019/04/25,17:39:00,"JDOC03","","F1",0.000,0.000,0.000,0.000,0.000,0.000,"00A2"
2019/04/25,17:39:00,"JDOC03","","F2",0.000,0.000,0.000,0.000,0.000,0.000,"00A2"
2019/04/25,17:39:00,"JDOC03","","A*",0.000,0.000,0.000,0.000,0.000,0.000,"00A2"
2019/04/25,17:39:00,"JDOC03","","F*",0.000,0.000,0.000,0.000,0.000,0.000,"00A2"
2019/04/25,17:39:00,"JDOC04","","*ALL",0.103,0.518,0.000,0.103,0.000,0.415,"00A2"
2019/04/25,17:39:00,"JDOC04","","A1",0.103,0.518,0.000,0.103,0.000,0.415,"00A2"
2019/04/25,17:39:00,"JDOC04","","A2",0.000,0.000,0.000,0.000,0.000,0.000,"00A2"
2019/04/25,17:39:00,"JDOC04","","F1",0.000,0.000,0.000,0.000,0.000,0.000,"00A2"
2019/04/25,17:39:00,"JDOC04","","F2",0.000,0.000,0.000,0.000,0.000,0.000,"00A2"
2019/04/25,17:39:00,"JDOC04","","A*",0.103,0.518,0.000,0.103,0.000,0.415,"00A2"
2019/04/25,17:39:00,"JDOC04","","F*",0.000,0.000,0.000,0.000,0.000,0.000,"00A2"
2019/04/25,17:39:00,"JDOC05","","*ALL",0.000,0.000,0.000,0.000,0.000,0.000,"00A2"
2019/04/25,17:39:00,"JDOC05","","A1",0.000,0.000,0.000,0.000,0.000,0.000,"00A2"
2019/04/25,17:39:00,"JDOC05","","A2",0.000,0.000,0.000,0.000,0.000,0.000,"00A2"
2019/04/25,17:39:00,"JDOC05","","F1",0.000,0.000,0.000,0.000,0.000,0.000,"00A2"
2019/04/25,17:39:00,"JDOC05","","F2",0.000,0.000,0.000,0.000,0.000,0.000,"00A2"
2019/04/25,17:39:00,"JDOC05","","A*",0.000,0.000,0.000,0.000,0.000,0.000,"00A2"
2019/04/25,17:39:00,"JDOC05","","F*",0.000,0.000,0.000,0.000,0.000,0.000,"00A2"
2019/04/25,17:39:00,"TCAZ03","","*ALL",8.915,0.299,0.000,0.144,0.000,0.155,"016F"
2019/04/25,17:39:00,"TCAZ03","","A1",0.210,0.408,0.000,0.112,0.000,0.297,"016F"
2019/04/25,17:39:00,"TCAZ03","","A2",0.303,0.647,0.000,0.113,0.000,0.534,"016F"
2019/04/25,17:39:00,"TCAZ03","","F1",8.202,0.279,0.000,0.147,0.000,0.132,"016F"
2019/04/25,17:39:00,"TCAZ03","","F2",0.200,0.491,0.000,0.131,0.000,0.359,"016F"
2019/04/25,17:39:00,"TCAZ03","","A*",0.513,0.549,0.000,0.113,0.000,0.437,"016F"
2019/04/25,17:39:00,"TCAZ03","","F*",8.402,0.284,0.000,0.147,0.000,0.137,"016F"
2019/04/25,17:39:00,"YDOC01","","*ALL",0.285,0.951,0.000,0.122,0.000,0.829,"016F"
2019/04/25,17:39:00,"YDOC01","","A1",0.125,1.038,0.000,0.116,0.000,0.922,"016F"
2019/04/25,17:39:00,"YDOC01","","A2",0.017,0.230,0.000,0.128,0.000,0.102,"016F"
2019/04/25,17:39:00,"YDOC01","","F1",0.127,1.054,0.000,0.126,0.000,0.928,"016F"
2019/04/25,17:39:00,"YDOC01","","F2",0.017,0.243,0.000,0.128,0.000,0.115,"016F"
2019/04/25,17:39:00,"YDOC01","","A*",0.142,0.941,0.000,0.117,0.000,0.824,"016F"
2019/04/25,17:39:00,"YDOC01","","F*",0.144,0.958,0.000,0.126,0.000,0.832,"016F"
2019/04/25,17:39:00,"YDOC02","","*ALL",0.067,0.230,0.000,0.131,0.000,0.099,"016F"
2019/04/25,17:39:00,"YDOC02","","A1",0.017,0.243,0.000,0.141,0.000,0.102,"016F"
2019/04/25,17:39:00,"YDOC02","","A2",0.017,0.243,0.000,0.141,0.000,0.102,"016F"
2019/04/25,17:39:00,"YDOC02","","F1",0.017,0.230,0.000,0.128,0.000,0.102,"016F"
2019/04/25,17:39:00,"YDOC02","","F2",0.017,0.205,0.000,0.115,0.000,0.090,"016F"
2019/04/25,17:39:00,"YDOC02","","A*",0.034,0.243,0.000,0.141,0.000,0.102,"016F"
2019/04/25,17:39:00,"YDOC02","","F*",0.034,0.218,0.000,0.122,0.000,0.096,"016F"
2019/04/25,17:39:00,"YDOC03","","*ALL",0.067,0.243,0.000,0.134,0.000,0.109,"016F"
2019/04/25,17:39:00,"YDOC03","","A1",0.017,0.269,0.000,0.141,0.000,0.128,"016F"
2019/04/25,17:39:00,"YDOC03","","A2",0.017,0.230,0.000,0.128,0.000,0.102,"016F"
2019/04/25,17:39:00,"YDOC03","","F1",0.017,0.230,0.000,0.128,0.000,0.102,"016F"
2019/04/25,17:39:00,"YDOC03","","F2",0.017,0.243,0.000,0.141,0.000,0.102,"016F"
2019/04/25,17:39:00,"YDOC03","","A*",0.034,0.250,0.000,0.135,0.000,0.115,"016F"
2019/04/25,17:39:00,"YDOC03","","F*",0.034,0.237,0.000,0.135,0.000,0.102,"016F"
2019/04/25,17:39:00,"YDOC04","","*ALL",0.067,0.234,0.000,0.128,0.000,0.106,"016F"
2019/04/25,17:39:00,"YDOC04","","A1",0.017,0.218,0.000,0.115,0.000,0.102,"016F"
2019/04/25,17:39:00,"YDOC04","","A2",0.017,0.256,0.000,0.141,0.000,0.115,"016F"
2019/04/25,17:39:00,"YDOC04","","F1",0.018,0.244,0.000,0.140,0.000,0.105,"016F"
2019/04/25,17:39:00,"YDOC04","","F2",0.015,0.213,0.000,0.114,0.000,0.100,"016F"
2019/04/25,17:39:00,"YDOC04","","A*",0.034,0.237,0.000,0.128,0.000,0.109,"016F"
2019/04/25,17:39:00,"YDOC04","","F*",0.033,0.230,0.000,0.128,0.000,0.103,"016F"
2019/04/25,17:39:00,"YDOC05","","*ALL",0.067,0.221,0.000,0.122,0.000,0.099,"016F"
2019/04/25,17:39:00,"YDOC05","","A1",0.017,0.218,0.000,0.115,0.000,0.102,"016F"
2019/04/25,17:39:00,"YDOC05","","A2",0.017,0.205,0.000,0.115,0.000,0.090,"016F"
2019/04/25,17:39:00,"YDOC05","","F1",0.017,0.230,0.000,0.128,0.000,0.102,"016F"
2019/04/25,17:39:00,"YDOC05","","F2",0.017,0.230,0.000,0.128,0.000,0.102,"016F"
2019/04/25,17:39:00,"YDOC05","","A*",0.034,0.212,0.000,0.115,0.000,0.096,"016F"
2019/04/25,17:39:00,"YDOC05","","F*",0.034,0.230,0.000,0.128,0.000,0.102,"016F"
2019/04/25,17:39:00,"YDOC06","","*ALL",0.065,0.223,0.000,0.121,0.000,0.102,"016F"
2019/04/25,17:39:00,"YDOC06","","A1",0.017,0.256,0.000,0.128,0.000,0.128,"016F"
2019/04/25,17:39:00,"YDOC06","","A2",0.017,0.218,0.000,0.128,0.000,0.090,"016F"
2019/04/25,17:39:00,"YDOC06","","F1",0.017,0.205,0.000,0.115,0.000,0.090,"016F"
2019/04/25,17:39:00,"YDOC06","","F2",0.015,0.213,0.000,0.114,0.000,0.100,"016F"
2019/04/25,17:39:00,"YDOC06","","A*",0.034,0.237,0.000,0.128,0.000,0.109,"016F"
2019/04/25,17:39:00,"YDOC06","","F*",0.032,0.209,0.000,0.115,0.000,0.095,"016F"
2019/04/25,17:39:00,"YDOC07","","*ALL",0.067,0.240,0.000,0.131,0.000,0.109,"016F"
2019/04/25,17:39:00,"YDOC07","","A1",0.017,0.230,0.000,0.128,0.000,0.102,"016F"
2019/04/25,17:39:00,"YDOC07","","A2",0.017,0.282,0.000,0.141,0.000,0.141,"016F"
2019/04/25,17:39:00,"YDOC07","","F1",0.017,0.218,0.000,0.128,0.000,0.090,"016F"
2019/04/25,17:39:00,"YDOC07","","F2",0.017,0.230,0.000,0.128,0.000,0.102,"016F"
2019/04/25,17:39:00,"YDOC07","","A*",0.034,0.256,0.000,0.135,0.000,0.122,"016F"
2019/04/25,17:39:00,"YDOC07","","F*",0.034,0.224,0.000,0.128,0.000,0.096,"016F"
2019/04/25,17:39:00,"YDOC08","","*ALL",0.065,0.230,0.000,0.118,0.000,0.112,"016F"
2019/04/25,17:39:00,"YDOC08","","A1",0.015,0.228,0.000,0.114,0.000,0.114,"016F"
2019/04/25,17:39:00,"YDOC08","","A2",0.017,0.243,0.000,0.128,0.000,0.115,"016F"
2019/04/25,17:39:00,"YDOC08","","F1",0.017,0.230,0.000,0.115,0.000,0.115,"016F"
2019/04/25,17:39:00,"YDOC08","","F2",0.017,0.218,0.000,0.115,0.000,0.102,"016F"
2019/04/25,17:39:00,"YDOC08","","A*",0.032,0.236,0.000,0.121,0.000,0.115,"016F"
2019/04/25,17:39:00,"YDOC08","","F*",0.034,0.224,0.000,0.115,0.000,0.109,"016F"
2019/04/25,17:39:00,"YDOC09","","*ALL",0.067,0.230,0.000,0.131,0.000,0.099,"016F"
2019/04/25,17:39:00,"YDOC09","","A1",0.017,0.218,0.000,0.128,0.000,0.090,"016F"
2019/04/25,17:39:00,"YDOC09","","A2",0.017,0.256,0.000,0.141,0.000,0.115,"016F"
2019/04/25,17:39:00,"YDOC09","","F1",0.017,0.218,0.000,0.128,0.000,0.090,"016F"
2019/04/25,17:39:00,"YDOC09","","F2",0.017,0.230,0.000,0.128,0.000,0.102,"016F"
2019/04/25,17:39:00,"YDOC09","","A*",0.034,0.237,0.000,0.135,0.000,0.103,"016F"
2019/04/25,17:39:00,"YDOC09","","F*",0.034,0.224,0.000,0.128,0.000,0.096,"016F"
2019/04/25,17:39:00,"YDOC10","","*ALL",0.067,0.234,0.000,0.125,0.000,0.109,"016F"
2019/04/25,17:39:00,"YDOC10","","A1",0.017,0.230,0.000,0.128,0.000,0.102,"016F"
2019/04/25,17:39:00,"YDOC10","","A2",0.017,0.230,0.000,0.115,0.000,0.115,"016F"
2019/04/25,17:39:00,"YDOC10","","F1",0.017,0.243,0.000,0.128,0.000,0.115,"016F"
2019/04/25,17:39:00,"YDOC10","","F2",0.017,0.230,0.000,0.128,0.000,0.102,"016F"
2019/04/25,17:39:00,"YDOC10","","A*",0.034,0.230,0.000,0.122,0.000,0.109,"016F"
2019/04/25,17:39:00,"YDOC10","","F*",0.034,0.237,0.000,0.128,0.000,0.109,"016F"
2019/04/25,17:39:00,"YDOC11","","*ALL",0.067,0.234,0.000,0.125,0.000,0.109,"016F"
2019/04/25,17:39:00,"YDOC11","","A1",0.017,0.230,0.000,0.115,0.000,0.115,"016F"
2019/04/25,17:39:00,"YDOC11","","A2",0.017,0.218,0.000,0.128,0.000,0.090,"016F"
2019/04/25,17:39:00,"YDOC11","","F1",0.017,0.243,0.000,0.128,0.000,0.115,"016F"
2019/04/25,17:39:00,"YDOC11","","F2",0.017,0.243,0.000,0.128,0.000,0.115,"016F"
2019/04/25,17:39:00,"YDOC11","","A*",0.034,0.224,0.000,0.122,0.000,0.103,"016F"
2019/04/25,17:39:00,"YDOC11","","F*",0.034,0.243,0.000,0.128,0.000,0.115,"016F"
2019/04/25,17:39:00,"YDOC12","","*ALL",0.067,0.240,0.000,0.131,0.000,0.109,"016F"
2019/04/25,17:39:00,"YDOC12","","A1",0.017,0.230,0.000,0.128,0.000,0.102,"016F"
2019/04/25,17:39:00,"YDOC12","","A2",0.017,0.269,0.000,0.141,0.000,0.128,"016F"
2019/04/25,17:39:00,"YDOC12","","F1",0.017,0.230,0.000,0.128,0.000,0.102,"016F"
2019/04/25,17:39:00,"YDOC12","","F2",0.017,0.230,0.000,0.128,0.000,0.102,"016F"
2019/04/25,17:39:00,"YDOC12","","A*",0.034,0.250,0.000,0.135,0.000,0.115,"016F"
2019/04/25,17:39:00,"YDOC12","","F*",0.034,0.230,0.000,0.128,0.000,0.102,"016F"
2019/04/25,17:39:00,"YDOC13","","*ALL",0.067,0.237,0.000,0.131,0.000,0.106,"016F"
2019/04/25,17:39:00,"YDOC13","","A1",0.017,0.218,0.000,0.115,0.000,0.102,"016F"
2019/04/25,17:39:00,"YDOC13","","A2",0.017,0.269,0.000,0.154,0.000,0.115,"016F"
2019/04/25,17:39:00,"YDOC13","","F1",0.017,0.230,0.000,0.128,0.000,0.102,"016F"
2019/04/25,17:39:00,"YDOC13","","F2",0.017,0.230,0.000,0.128,0.000,0.102,"016F"
2019/04/25,17:39:00,"YDOC13","","A*",0.034,0.244,0.000,0.135,0.000,0.109,"016F"
2019/04/25,17:39:00,"YDOC13","","F*",0.034,0.230,0.000,0.128,0.000,0.102,"016F"
2019/04/25,17:39:00,"YDOC14","","*ALL",0.067,0.224,0.000,0.125,0.000,0.099,"016F"
2019/04/25,17:39:00,"YDOC14","","A1",0.017,0.243,0.000,0.141,0.000,0.102,"016F"
2019/04/25,17:39:00,"YDOC14","","A2",0.017,0.230,0.000,0.128,0.000,0.102,"016F"
2019/04/25,17:39:00,"YDOC14","","F1",0.017,0.205,0.000,0.115,0.000,0.090,"016F"
2019/04/25,17:39:00,"YDOC14","","F2",0.017,0.218,0.000,0.115,0.000,0.102,"016F"
2019/04/25,17:39:00,"YDOC14","","A*",0.034,0.237,0.000,0.135,0.000,0.102,"016F"
2019/04/25,17:39:00,"YDOC14","","F*",0.034,0.212,0.000,0.115,0.000,0.096,"016F"
2019/04/25,17:39:00,"YDOC15","","*ALL",0.067,0.224,0.000,0.125,0.000,0.099,"016F"
2019/04/25,17:39:00,"YDOC15","","A1",0.017,0.230,0.000,0.128,0.000,0.102,"016F"
2019/04/25,17:39:00,"YDOC15","","A2",0.017,0.230,0.000,0.128,0.000,0.102,"016F"
2019/04/25,17:39:00,"YDOC15","","F1",0.017,0.205,0.000,0.115,0.000,0.090,"016F"
2019/04/25,17:39:00,"YDOC15","","F2",0.017,0.230,0.000,0.128,0.000,0.102,"016F"
2019/04/25,17:39:00,"YDOC15","","A*",0.034,0.230,0.000,0.128,0.000,0.102,"016F"
2019/04/25,17:39:00,"YDOC15","","F*",0.034,0.218,0.000,0.122,0.000,0.096,"016F"
2019/04/25,17:39:00,"YSLG01","","*ALL",19.303,0.872,0.345,0.118,0.257,0.152,"016F"
2019/04/25,17:39:00,"YSLG01","","A1",0.017,0.218,0.000,0.115,0.000,0.102,"016F"
2019/04/25,17:39:00,"YSLG01","","A2",0.017,0.243,0.000,0.141,0.000,0.102,"016F"
2019/04/25,17:39:00,"YSLG01","","F1",19.253,0.874,0.346,0.118,0.258,0.152,"016F"
2019/04/25,17:39:00,"YSLG01","","F2",0.017,0.230,0.000,0.128,0.000,0.102,"016F"
2019/04/25,17:39:00,"YSLG01","","A*",0.034,0.231,0.000,0.128,0.000,0.102,"016F"
2019/04/25,17:39:00,"YSLG01","","F*",19.270,0.873,0.346,0.118,0.258,0.152,"016F"
2019/04/25,17:39:00,"YSLG02","","*ALL",19.383,0.855,0.344,0.119,0.249,0.144,"016F"
2019/04/25,17:39:00,"YSLG02","","A1",0.017,0.243,0.000,0.128,0.000,0.115,"016F"
2019/04/25,17:39:00,"YSLG02","","A2",0.017,0.256,0.000,0.128,0.000,0.128,"016F"
2019/04/25,17:39:00,"YSLG02","","F1",19.333,0.857,0.345,0.118,0.250,0.144,"016F"
2019/04/25,17:39:00,"YSLG02","","F2",0.017,0.230,0.000,0.128,0.000,0.102,"016F"
2019/04/25,17:39:00,"YSLG02","","A*",0.034,0.250,0.000,0.128,0.000,0.122,"016F"
2019/04/25,17:39:00,"YSLG02","","F*",19.350,0.856,0.345,0.118,0.250,0.144,"016F"
2019/04/25,17:39:00,"YSLG03","","*ALL",20.827,7.743,0.240,0.120,0.154,7.230,"016F"
2019/04/25,17:39:00,"YSLG03","","A1",0.017,0.230,0.000,0.115,0.000,0.115,"016F"
2019/04/25,17:39:00,"YSLG03","","A2",0.017,0.243,0.000,0.128,0.000,0.115,"016F"
2019/04/25,17:39:00,"YSLG03","","F1",20.777,7.761,0.241,0.120,0.154,7.247,"016F"
2019/04/25,17:39:00,"YSLG03","","F2",0.017,0.218,0.000,0.128,0.000,0.090,"016F"
2019/04/25,17:39:00,"YSLG03","","A*",0.034,0.237,0.000,0.122,0.000,0.115,"016F"
2019/04/25,17:39:00,"YSLG03","","F*",20.794,7.755,0.241,0.120,0.154,7.241,"016F"
2019/04/25,17:39:00,"YDMP01","","*ALL",0.067,0.221,0.000,0.122,0.000,0.099,"016F"
2019/04/25,17:39:00,"YDMP01","","A1",0.017,0.230,0.000,0.128,0.000,0.102,"016F"
2019/04/25,17:39:00,"YDMP01","","A2",0.017,0.218,0.000,0.115,0.000,0.102,"016F"
2019/04/25,17:39:00,"YDMP01","","F1",0.017,0.218,0.000,0.128,0.000,0.090,"016F"
2019/04/25,17:39:00,"YDMP01","","F2",0.017,0.218,0.000,0.115,0.000,0.102,"016F"
2019/04/25,17:39:00,"YDMP01","","A*",0.034,0.224,0.000,0.122,0.000,0.102,"016F"
2019/04/25,17:39:00,"YDMP01","","F*",0.034,0.218,0.000,0.122,0.000,0.096,"016F"
2019/04/25,17:39:00,"YDMP02","","*ALL",0.067,0.237,0.000,0.131,0.000,0.106,"016F"
2019/04/25,17:39:00,"YDMP02","","A1",0.017,0.230,0.000,0.128,0.000,0.102,"016F"
2019/04/25,17:39:00,"YDMP02","","A2",0.017,0.243,0.000,0.128,0.000,0.115,"016F"
2019/04/25,17:39:00,"YDMP02","","F1",0.017,0.230,0.000,0.141,0.000,0.090,"016F"
2019/04/25,17:39:00,"YDMP02","","F2",0.017,0.243,0.000,0.128,0.000,0.115,"016F"
2019/04/25,17:39:00,"YDMP02","","A*",0.034,0.237,0.000,0.128,0.000,0.109,"016F"
2019/04/25,17:39:00,"YDMP02","","F*",0.034,0.237,0.000,0.135,0.000,0.103,"016F"
2019/04/25,17:39:00,"YTMP01","","*ALL",0.067,0.224,0.000,0.128,0.000,0.096,"016F"
2019/04/25,17:39:00,"YTMP01","","A1",0.017,0.230,0.000,0.128,0.000,0.102,"016F"
2019/04/25,17:39:00,"YTMP01","","A2",0.017,0.230,0.000,0.128,0.000,0.102,"016F"
2019/04/25,17:39:00,"YTMP01","","F1",0.017,0.218,0.000,0.128,0.000,0.090,"016F"
2019/04/25,17:39:00,"YTMP01","","F2",0.017,0.218,0.000,0.128,0.000,0.090,"016F"
2019/04/25,17:39:00,"YTMP01","","A*",0.034,0.230,0.000,0.128,0.000,0.102,"016F"
2019/04/25,17:39:00,"YTMP01","","F*",0.034,0.218,0.000,0.128,0.000,0.090,"016F"
2019/04/25,17:39:00,"YTMP02","","*ALL",0.067,0.240,0.000,0.131,0.000,0.109,"016F"
2019/04/25,17:39:00,"YTMP02","","A1",0.017,0.243,0.000,0.128,0.000,0.115,"016F"
2019/04/25,17:39:00,"YTMP02","","A2",0.017,0.256,0.000,0.141,0.000,0.115,"016F"
2019/04/25,17:39:00,"YTMP02","","F1",0.017,0.230,0.000,0.128,0.000,0.102,"016F"
2019/04/25,17:39:00,"YTMP02","","F2",0.017,0.230,0.000,0.128,0.000,0.102,"016F"
2019/04/25,17:39:00,"YTMP02","","A*",0.034,0.250,0.000,0.135,0.000,0.115,"016F"
2019/04/25,17:39:00,"YTMP02","","F*",0.034,0.230,0.000,0.128,0.000,0.102,"016F"
2019/04/25,17:39:00,"YTMP03","","*ALL",0.067,0.256,0.000,0.138,0.000,0.118,"016F"
2019/04/25,17:39:00,"YTMP03","","A1",0.017,0.307,0.000,0.154,0.000,0.154,"016F"
2019/04/25,17:39:00,"YTMP03","","A2",0.017,0.256,0.000,0.141,0.000,0.115,"016F"
2019/04/25,17:39:00,"YTMP03","","F1",0.017,0.230,0.000,0.128,0.000,0.102,"016F"
2019/04/25,17:39:00,"YTMP03","","F2",0.017,0.230,0.000,0.128,0.000,0.102,"016F"
2019/04/25,17:39:00,"YTMP03","","A*",0.034,0.282,0.000,0.148,0.000,0.135,"016F"
2019/04/25,17:39:00,"YTMP03","","F*",0.034,0.230,0.000,0.128,0.000,0.102,"016F"
2019/04/25,17:39:00,"YTMP04","","*ALL",0.067,0.243,0.000,0.138,0.000,0.106,"016F"
2019/04/25,17:39:00,"YTMP04","","A1",0.017,0.243,0.000,0.141,0.000,0.102,"016F"
2019/04/25,17:39:00,"YTMP04","","A2",0.017,0.256,0.000,0.141,0.000,0.115,"016F"
2019/04/25,17:39:00,"YTMP04","","F1",0.017,0.230,0.000,0.128,0.000,0.102,"016F"
2019/04/25,17:39:00,"YTMP04","","F2",0.017,0.243,0.000,0.141,0.000,0.102,"016F"
2019/04/25,17:39:00,"YTMP04","","A*",0.034,0.250,0.000,0.141,0.000,0.109,"016F"
2019/04/25,17:39:00,"YTMP04","","F*",0.034,0.237,0.000,0.135,0.000,0.102,"016F"
2019/04/25,17:39:00,"YTMP05","","*ALL",0.073,0.396,0.000,0.131,0.000,0.265,"016F"
2019/04/25,17:39:00,"YTMP05","","A1",0.017,0.243,0.000,0.128,0.000,0.115,"016F"
2019/04/25,17:39:00,"YTMP05","","A2",0.023,0.741,0.000,0.137,0.000,0.603,"016F"
2019/04/25,17:39:00,"YTMP05","","F1",0.017,0.230,0.000,0.128,0.000,0.102,"016F"
2019/04/25,17:39:00,"YTMP05","","F2",0.017,0.230,0.000,0.128,0.000,0.102,"016F"
2019/04/25,17:39:00,"YTMP05","","A*",0.040,0.529,0.000,0.133,0.000,0.396,"016F"
2019/04/25,17:39:00,"YTMP05","","F*",0.034,0.230,0.000,0.128,0.000,0.102,"016F"
2019/04/25,17:39:00,"YCPUMF","","*ALL",0.067,0.298,0.000,0.086,0.000,0.211,"016F"
2019/04/25,17:39:00,"YCPUMF","","A1",0.033,0.294,0.000,0.090,0.000,0.205,"016F"
2019/04/25,17:39:00,"YCPUMF","","A2",0.033,0.301,0.000,0.083,0.000,0.218,"016F"
2019/04/25,17:39:00,"YCPUMF","","A*",0.066,0.298,0.000,0.087,0.000,0.212,"016F"
2019/04/25,17:39:00,"YSGZ2A","","*ALL",0.128,0.308,0.000,0.121,0.000,0.186,"016F"
2019/04/25,17:39:00,"YSGZ2A","","F1",0.025,0.256,0.000,0.119,0.000,0.137,"016F"
2019/04/25,17:39:00,"YSGZ2A","","F2",0.103,0.320,0.000,0.122,0.000,0.198,"016F"
2019/04/25,17:39:00,"YSGZ2A","","F*",0.128,0.308,0.000,0.121,0.000,0.186,"016F"
2019/04/25,17:39:00,"YSGZ2B","","*ALL",0.033,0.301,0.000,0.134,0.000,0.166,"016F"
2019/04/25,17:39:00,"YSGZ2B","","F1",0.000,0.000,0.000,0.000,0.000,0.000,"016F"
2019/04/25,17:39:00,"YSGZ2B","","F2",0.033,0.301,0.000,0.134,0.000,0.166,"016F"
2019/04/25,17:39:00,"YSGZ2B","","F*",0.033,0.301,0.000,0.134,0.000,0.166,"016F"
2019/04/25,17:39:00,"YSGZ2C","","*ALL",0.000,0.000,0.000,0.000,0.000,0.000,"016F"
2019/04/25,17:39:00,"YSGZ2C","","F1",0.000,0.000,0.000,0.000,0.000,0.000,"016F"
2019/04/25,17:39:00,"YSGZ2C","","F2",0.000,0.000,0.000,0.000,0.000,0.000,"016F"
2019/04/25,17:39:00,"YSGZ2C","","F*",0.000,0.000,0.000,0.000,0.000,0.000,"016F"
2019/04/25,17:39:00,"YSGZ2D","","*ALL",0.000,0.000,0.000,0.000,0.000,0.000,"016F"
2019/04/25,17:39:00,"YSGZ2D","","F1",0.000,0.000,0.000,0.000,0.000,0.000,"016F"
2019/04/25,17:39:00,"YSGZ2D","","F2",0.000,0.000,0.000,0.000,0.000,0.000,"016F"
2019/04/25,17:39:00,"YSGZ2D","","F*",0.000,0.000,0.000,0.000,0.000,0.000,"016F"
2019/04/25,17:39:00,"YSGZ2E","","*ALL",5.195,0.375,0.000,0.120,0.000,0.255,"016F"
2019/04/25,17:39:00,"YSGZ2E","","F1",2.668,0.379,0.000,0.121,0.000,0.258,"016F"
2019/04/25,17:39:00,"YSGZ2E","","F2",2.527,0.370,0.000,0.119,0.000,0.252,"016F"
2019/04/25,17:39:00,"YSGZ2E","","F*",5.195,0.375,0.000,0.120,0.000,0.255,"016F"
2019/04/25,17:39:00,"YSGZ2F","","*ALL",0.067,0.285,0.000,0.134,0.000,0.150,"016F"
2019/04/25,17:39:00,"YSGZ2F","","F1",0.033,0.262,0.000,0.128,0.000,0.134,"016F"
2019/04/25,17:39:00,"YSGZ2F","","F2",0.033,0.307,0.000,0.141,0.000,0.166,"016F"
2019/04/25,17:39:00,"YSGZ2F","","F*",0.066,0.285,0.000,0.135,0.000,0.150,"016F"
2019/04/25,17:39:00,"YSGZ2G","","*ALL",0.200,0.246,0.000,0.123,0.000,0.124,"016F"
2019/04/25,17:39:00,"YSGZ2G","","F1",0.100,0.241,0.000,0.122,0.000,0.119,"016F"
2019/04/25,17:39:00,"YSGZ2G","","F2",0.100,0.252,0.000,0.124,0.000,0.128,"016F"
2019/04/25,17:39:00,"YSGZ2G","","F*",0.200,0.247,0.000,0.123,0.000,0.124,"016F"
2019/04/25,17:39:00,"YSGZ2H","","*ALL",0.145,0.928,0.000,0.125,0.000,0.803,"016F"
2019/04/25,17:39:00,"YSGZ2H","","F1",0.018,0.221,0.000,0.128,0.000,0.093,"016F"
2019/04/25,17:39:00,"YSGZ2H","","F2",0.127,1.031,0.000,0.125,0.000,0.906,"016F"
2019/04/25,17:39:00,"YSGZ2H","","F*",0.145,0.930,0.000,0.125,0.000,0.805,"016F"
2019/04/25,17:39:00,"YDSF1A","SMF","*ALL",6.252,0.347,0.000,0.126,0.002,0.220,"016F"
2019/04/25,17:39:00,"YDSF1A","SMF","F1",6.252,0.347,0.000,0.126,0.002,0.220,"016F"
2019/04/25,17:39:00,"YDSF1A","SMF","F2",0.000,0.000,0.000,0.000,0.000,0.000,"016F"
2019/04/25,17:39:00,"YDSF1A","SMF","F*",6.252,0.347,0.000,0.126,0.002,0.220,"016F"
2019/04/25,17:39:00,"YDSF2A","SMF","*ALL",3.753,0.381,0.000,0.129,0.000,0.252,"016F"
2019/04/25,17:39:00,"YDSF2A","SMF","F1",0.000,0.000,0.000,0.000,0.000,0.000,"016F"
2019/04/25,17:39:00,"YDSF2A","SMF","F2",3.753,0.381,0.000,0.129,0.000,0.252,"016F"
2019/04/25,17:39:00,"YDSF2A","SMF","F*",3.753,0.381,0.000,0.129,0.000,0.252,"016F"
2019/04/25,17:39:00,"YDSS1A","SMF","*ALL",0.000,0.000,0.000,0.000,0.000,0.000,"016F"
2019/04/25,17:39:00,"YDSS1A","SMF","F1",0.000,0.000,0.000,0.000,0.000,0.000,"016F"
2019/04/25,17:39:00,"YDSS1A","SMF","F2",0.000,0.000,0.000,0.000,0.000,0.000,"016F"
2019/04/25,17:39:00,"YDSS1A","SMF","F*",0.000,0.000,0.000,0.000,0.000,0.000,"016F"
2019/04/25,17:39:00,"YDSK1A","SMF","*ALL",0.000,0.000,0.000,0.000,0.000,0.000,"016F"
2019/04/25,17:39:00,"YDSK1A","SMF","F1",0.000,0.000,0.000,0.000,0.000,0.000,"016F"
2019/04/25,17:39:00,"YDSK1A","SMF","F2",0.000,0.000,0.000,0.000,0.000,0.000,"016F"
2019/04/25,17:39:00,"YDSK1A","SMF","F*",0.000,0.000,0.000,0.000,0.000,0.000,"016F"
2019/04/25,17:39:00,"YCDG01","","*ALL",0.000,0.000,0.000,0.000,0.000,0.000,"016F"
2019/04/25,17:39:00,"YCDG01","","F1",0.000,0.000,0.000,0.000,0.000,0.000,"016F"
2019/04/25,17:39:00,"YCDG01","","F2",0.000,0.000,0.000,0.000,0.000,0.000,"016F"
2019/04/25,17:39:00,"YCDG01","","F*",0.000,0.000,0.000,0.000,0.000,0.000,"016F"
2019/04/25,17:39:00,"YCOG01","","*ALL",4.173,0.284,0.000,0.120,0.000,0.164,"016F"
2019/04/25,17:39:00,"YCOG01","","F1",3.427,0.269,0.000,0.120,0.000,0.149,"016F"
2019/04/25,17:39:00,"YCOG01","","F2",0.747,0.355,0.000,0.119,0.000,0.235,"016F"
2019/04/25,17:39:00,"YCOG01","","F*",4.174,0.284,0.000,0.120,0.000,0.164,"016F"
2019/04/25,17:39:00,"YCOG02","","*ALL",0.200,0.313,0.000,0.125,0.000,0.188,"016F"
2019/04/25,17:39:00,"YCOG02","","F1",0.100,0.314,0.000,0.126,0.000,0.188,"016F"
2019/04/25,17:39:00,"YCOG02","","F2",0.100,0.311,0.000,0.124,0.000,0.188,"016F"
2019/04/25,17:39:00,"YCOG02","","F*",0.200,0.313,0.000,0.125,0.000,0.188,"016F"
2019/04/25,17:39:00,"YWRG01","","*ALL",47.877,0.260,0.000,0.119,0.000,0.141,"016F"
2019/04/25,17:39:00,"YWRG01","","F1",47.877,0.260,0.000,0.119,0.000,0.141,"016F"
2019/04/25,17:39:00,"YWRG01","","F2",0.000,0.000,0.000,0.000,0.000,0.000,"016F"
2019/04/25,17:39:00,"YWRG01","","F*",47.877,0.260,0.000,0.119,0.000,0.141,"016F"
2019/04/25,17:39:00,"YCDS02","CDS","*ALL",1.910,1.009,0.000,0.135,0.000,0.874,"0170"
2019/04/25,17:39:00,"YCDS02","CDS","A1",0.492,1.037,0.000,0.130,0.000,0.907,"0170"
2019/04/25,17:39:00,"YCDS02","CDS","A2",0.478,1.011,0.000,0.132,0.000,0.879,"0170"
2019/04/25,17:39:00,"YCDS02","CDS","F1",0.472,0.982,0.000,0.138,0.000,0.844,"0170"
2019/04/25,17:39:00,"YCDS02","CDS","F2",0.468,1.004,0.000,0.139,0.000,0.865,"0170"
2019/04/25,17:39:00,"YCDS02","CDS","A*",0.970,1.024,0.000,0.131,0.000,0.893,"0170"
2019/04/25,17:39:00,"YCDS02","CDS","F*",0.940,0.993,0.000,0.138,0.000,0.854,"0170"
2019/04/25,17:39:00,"YCDS01","CDS","*ALL",9.803,0.685,0.000,0.132,0.007,0.545,"019E"
2019/04/25,17:39:00,"YCDS01","CDS","A1",2.515,0.623,0.000,0.131,0.003,0.488,"019E"
2019/04/25,17:39:00,"YCDS01","CDS","A2",2.345,0.613,0.000,0.129,0.004,0.480,"019E"
2019/04/25,17:39:00,"YCDS01","CDS","F1",2.947,0.803,0.000,0.122,0.002,0.678,"019E"
2019/04/25,17:39:00,"YCDS01","CDS","F2",1.997,0.673,0.000,0.151,0.025,0.497,"019E"
2019/04/25,17:39:00,"YCDS01","CDS","A*",4.860,0.618,0.000,0.130,0.003,0.484,"019E"
2019/04/25,17:39:00,"YCDS01","CDS","F*",4.944,0.750,0.000,0.134,0.011,0.605,"019E"
2019/04/25,17:39:00,"TMP001","","*ALL",0.000,0.000,0.000,0.000,0.000,0.000,"019E"
2019/04/25,17:39:00,"TMP001","","A1",0.000,0.000,0.000,0.000,0.000,0.000,"019E"
2019/04/25,17:39:00,"TMP001","","A2",0.000,0.000,0.000,0.000,0.000,0.000,"019E"
2019/04/25,17:39:00,"TMP001","","A*",0.000,0.000,0.000,0.000,0.000,0.000,"019E"
2019/04/25,17:39:00,"YDSA1A","SMF","*ALL",1.500,0.635,0.000,0.093,0.305,0.237,"019E"
2019/04/25,17:39:00,"YDSA1A","SMF","A1",1.450,0.637,0.000,0.092,0.316,0.229,"019E"
2019/04/25,17:39:00,"YDSA1A","SMF","A2",0.000,0.000,0.000,0.000,0.000,0.000,"019E"
2019/04/25,17:39:00,"YDSA1A","SMF","F1",0.013,0.240,0.000,0.096,0.000,0.144,"019E"
2019/04/25,17:39:00,"YDSA1A","SMF","F2",0.037,0.721,0.000,0.128,0.000,0.593,"019E"
2019/04/25,17:39:00,"YDSA1A","SMF","A*",1.450,0.637,0.000,0.092,0.316,0.229,"019E"
2019/04/25,17:39:00,"YDSA1A","SMF","F*",0.050,0.596,0.000,0.120,0.000,0.476,"019E"
2019/04/25,17:39:00,"YDSA1B","SMF","*ALL",0.848,0.671,0.000,0.100,0.388,0.184,"019E"
2019/04/25,17:39:00,"YDSA1B","SMF","A1",0.842,0.675,0.000,0.100,0.391,0.184,"019E"
2019/04/25,17:39:00,"YDSA1B","SMF","A2",0.000,0.000,0.000,0.000,0.000,0.000,"019E"
2019/04/25,17:39:00,"YDSA1B","SMF","F1",0.007,0.224,0.000,0.096,0.000,0.128,"019E"
2019/04/25,17:39:00,"YDSA1B","SMF","F2",0.000,0.000,0.000,0.000,0.000,0.000,"019E"
2019/04/25,17:39:00,"YDSA1B","SMF","A*",0.842,0.675,0.000,0.100,0.391,0.184,"019E"
2019/04/25,17:39:00,"YDSA1B","SMF","F*",0.007,0.224,0.000,0.096,0.000,0.128,"019E"
2019/04/25,17:39:00,"YLGR11","LOGGER","*ALL",405.977,0.863,0.000,0.434,0.280,0.149,"019E"
2019/04/25,17:39:00,"YLGR11","LOGGER","A1",405.879,0.863,0.000,0.434,0.280,0.149,"019E"
2019/04/25,17:39:00,"YLGR11","LOGGER","A2",0.017,0.166,0.000,0.090,0.000,0.077,"019E"
2019/04/25,17:39:00,"YLGR11","LOGGER","F1",0.058,0.753,0.000,0.117,0.000,0.636,"019E"
2019/04/25,17:39:00,"YLGR11","LOGGER","F2",0.023,0.558,0.000,0.110,0.000,0.448,"019E"
2019/04/25,17:39:00,"YLGR11","LOGGER","A*",405.896,0.863,0.000,0.434,0.280,0.149,"019E"
2019/04/25,17:39:00,"YLGR11","LOGGER","F*",0.081,0.698,0.000,0.115,0.000,0.583,"019E"
2019/04/25,17:39:00,"YSYZ2A","XRC SC AA","*ALL",0.212,0.260,0.000,0.102,0.000,0.158,"019E"
2019/04/25,17:39:00,"YSYZ2A","XRC SC AA","A1",0.107,0.278,0.000,0.104,0.000,0.174,"019E"
2019/04/25,17:39:00,"YSYZ2A","XRC SC AA","A2",0.098,0.245,0.000,0.102,0.000,0.143,"019E"
2019/04/25,17:39:00,"YSYZ2A","XRC SC AA","F1",0.007,0.192,0.000,0.064,0.000,0.128,"019E"
2019/04/25,17:39:00,"YSYZ2A","XRC SC AA","F2",0.000,0.000,0.000,0.000,0.000,0.000,"019E"
2019/04/25,17:39:00,"YSYZ2A","XRC SC AA","A*",0.205,0.262,0.000,0.103,0.000,0.159,"019E"
2019/04/25,17:39:00,"YSYZ2A","XRC SC AA","F*",0.007,0.192,0.000,0.064,0.000,0.128,"019E"
2019/04/25,17:39:00,"YSYZ2B","XRC SC AA","*ALL",0.067,0.147,0.000,0.080,0.000,0.067,"019E"
2019/04/25,17:39:00,"YSYZ2B","XRC SC AA","A1",0.030,0.142,0.000,0.078,0.000,0.064,"019E"
2019/04/25,17:39:00,"YSYZ2B","XRC SC AA","A2",0.030,0.142,0.000,0.078,0.000,0.064,"019E"
2019/04/25,17:39:00,"YSYZ2B","XRC SC AA","F1",0.007,0.192,0.000,0.096,0.000,0.096,"019E"
2019/04/25,17:39:00,"YSYZ2B","XRC SC AA","F2",0.000,0.000,0.000,0.000,0.000,0.000,"019E"
2019/04/25,17:39:00,"YSYZ2B","XRC SC AA","A*",0.060,0.142,0.000,0.078,0.000,0.064,"019E"
2019/04/25,17:39:00,"YSYZ2B","XRC SC AA","F*",0.007,0.192,0.000,0.096,0.000,0.096,"019E"
2019/04/25,17:39:00,"YSYZ2C","XRC SC AA","*ALL",0.007,0.192,0.000,0.096,0.000,0.096,"019E"
2019/04/25,17:39:00,"YSYZ2C","XRC SC AA","A1",0.000,0.000,0.000,0.000,0.000,0.000,"019E"
2019/04/25,17:39:00,"YSYZ2C","XRC SC AA","A2",0.000,0.000,0.000,0.000,0.000,0.000,"019E"
2019/04/25,17:39:00,"YSYZ2C","XRC SC AA","F1",0.007,0.192,0.000,0.096,0.000,0.096,"019E"
2019/04/25,17:39:00,"YSYZ2C","XRC SC AA","F2",0.000,0.000,0.000,0.000,0.000,0.000,"019E"
2019/04/25,17:39:00,"YSYZ2C","XRC SC AA","A*",0.000,0.000,0.000,0.000,0.000,0.000,"019E"
2019/04/25,17:39:00,"YSYZ2C","XRC SC AA","F*",0.007,0.192,0.000,0.096,0.000,0.096,"019E"
2019/04/25,17:39:00,"YSYZ2D","XRC SC AA","*ALL",0.087,0.290,0.000,0.096,0.000,0.194,"019E"
2019/04/25,17:39:00,"YSYZ2D","XRC SC AA","A1",0.033,0.282,0.000,0.096,0.000,0.186,"019E"
2019/04/25,17:39:00,"YSYZ2D","XRC SC AA","A2",0.047,0.311,0.000,0.096,0.000,0.215,"019E"
2019/04/25,17:39:00,"YSYZ2D","XRC SC AA","F1",0.007,0.192,0.000,0.096,0.000,0.096,"019E"
2019/04/25,17:39:00,"YSYZ2D","XRC SC AA","F2",0.000,0.000,0.000,0.000,0.000,0.000,"019E"
2019/04/25,17:39:00,"YSYZ2D","XRC SC AA","A*",0.080,0.299,0.000,0.096,0.000,0.203,"019E"
2019/04/25,17:39:00,"YSYZ2D","XRC SC AA","F*",0.007,0.192,0.000,0.096,0.000,0.096,"019E"
2019/04/25,17:39:00,"YSYZ2E","XRC SC AA","*ALL",7.280,0.221,0.000,0.078,0.000,0.142,"019E"
2019/04/25,17:39:00,"YSYZ2E","XRC SC AA","A1",3.625,0.221,0.000,0.079,0.000,0.143,"019E"
2019/04/25,17:39:00,"YSYZ2E","XRC SC AA","A2",3.648,0.221,0.000,0.078,0.000,0.142,"019E"
2019/04/25,17:39:00,"YSYZ2E","XRC SC AA","F1",0.007,0.160,0.000,0.064,0.000,0.096,"019E"
2019/04/25,17:39:00,"YSYZ2E","XRC SC AA","F2",0.000,0.000,0.000,0.000,0.000,0.000,"019E"
2019/04/25,17:39:00,"YSYZ2E","XRC SC AA","A*",7.273,0.221,0.000,0.078,0.000,0.142,"019E"
2019/04/25,17:39:00,"YSYZ2E","XRC SC AA","F*",0.007,0.160,0.000,0.064,0.000,0.096,"019E"
2019/04/25,17:39:00,"YMQL11","MQ LOG","*ALL",374.422,0.500,0.000,0.068,0.250,0.182,"019E"
2019/04/25,17:39:00,"YMQL11","MQ LOG","A1",366.985,0.506,0.000,0.068,0.254,0.184,"019E"
2019/04/25,17:39:00,"YMQL11","MQ LOG","A2",7.430,0.191,0.000,0.073,0.037,0.081,"019E"
2019/04/25,17:39:00,"YMQL11","MQ LOG","F1",0.007,0.192,0.000,0.096,0.000,0.096,"019E"
2019/04/25,17:39:00,"YMQL11","MQ LOG","F2",0.000,0.000,0.000,0.000,0.000,0.000,"019E"
2019/04/25,17:39:00,"YMQL11","MQ LOG","A*",374.415,0.500,0.000,0.068,0.250,0.182,"019E"
2019/04/25,17:39:00,"YMQL11","MQ LOG","F*",0.007,0.192,0.000,0.096,0.000,0.096,"019E"
2019/04/25,17:39:00,"YMQL12","MQ LOG","*ALL",363.414,0.503,0.000,0.067,0.258,0.178,"019E"
2019/04/25,17:39:00,"YMQL12","MQ LOG","A1",360.227,0.505,0.000,0.067,0.259,0.179,"019E"
2019/04/25,17:39:00,"YMQL12","MQ LOG","A2",3.180,0.254,0.000,0.070,0.084,0.100,"019E"
2019/04/25,17:39:00,"YMQL12","MQ LOG","F1",0.007,0.192,0.000,0.096,0.000,0.096,"019E"
2019/04/25,17:39:00,"YMQL12","MQ LOG","F2",0.000,0.000,0.000,0.000,0.000,0.000,"019E"
2019/04/25,17:39:00,"YMQL12","MQ LOG","A*",363.407,0.503,0.000,0.067,0.257,0.178,"019E"
2019/04/25,17:39:00,"YMQL12","MQ LOG","F*",0.007,0.192,0.000,0.096,0.000,0.096,"019E"
2019/04/25,17:39:00,"YMQL13","MQ LOG","*ALL",373.685,0.523,0.000,0.068,0.261,0.193,"019E"
2019/04/25,17:39:00,"YMQL13","MQ LOG","A1",373.679,0.523,0.000,0.068,0.261,0.193,"019E"
2019/04/25,17:39:00,"YMQL13","MQ LOG","A2",0.000,0.000,0.000,0.000,0.000,0.000,"019E"
2019/04/25,17:39:00,"YMQL13","MQ LOG","F1",0.007,0.192,0.000,0.096,0.000,0.096,"019E"
2019/04/25,17:39:00,"YMQL13","MQ LOG","F2",0.000,0.000,0.000,0.000,0.000,0.000,"019E"
2019/04/25,17:39:00,"YMQL13","MQ LOG","A*",373.679,0.523,0.000,0.068,0.261,0.193,"019E"
2019/04/25,17:39:00,"YMQL13","MQ LOG","F*",0.007,0.192,0.000,0.096,0.000,0.096,"019E"
2019/04/25,17:39:00,"YMQL14","MQ LOG","*ALL",368.684,0.515,0.000,0.068,0.265,0.182,"019E"
2019/04/25,17:39:00,"YMQL14","MQ LOG","A1",368.677,0.515,0.000,0.068,0.265,0.182,"019E"
2019/04/25,17:39:00,"YMQL14","MQ LOG","A2",0.000,0.000,0.000,0.000,0.000,0.000,"019E"
2019/04/25,17:39:00,"YMQL14","MQ LOG","F1",0.007,0.192,0.000,0.096,0.000,0.096,"019E"
2019/04/25,17:39:00,"YMQL14","MQ LOG","F2",0.000,0.000,0.000,0.000,0.000,0.000,"019E"
2019/04/25,17:39:00,"YMQL14","MQ LOG","A*",368.677,0.515,0.000,0.068,0.265,0.182,"019E"
2019/04/25,17:39:00,"YMQL14","MQ LOG","F*",0.007,0.192,0.000,0.096,0.000,0.096,"019E"
2019/04/25,17:39:00,"YMQP11","XRC SC AB","*ALL",0.040,0.917,0.000,0.064,0.555,0.299,"019E"
2019/04/25,17:39:00,"YMQP11","XRC SC AB","A1",0.033,1.062,0.000,0.058,0.666,0.339,"019E"
2019/04/25,17:39:00,"YMQP11","XRC SC AB","A2",0.000,0.000,0.000,0.000,0.000,0.000,"019E"
2019/04/25,17:39:00,"YMQP11","XRC SC AB","F1",0.007,0.192,0.000,0.096,0.000,0.096,"019E"
2019/04/25,17:39:00,"YMQP11","XRC SC AB","F2",0.000,0.000,0.000,0.000,0.000,0.000,"019E"
2019/04/25,17:39:00,"YMQP11","XRC SC AB","A*",0.033,1.062,0.000,0.058,0.666,0.339,"019E"
2019/04/25,17:39:00,"YMQP11","XRC SC AB","F*",0.007,0.192,0.000,0.096,0.000,0.096,"019E"
2019/04/25,17:39:00,"YWAS11","XRC SC AB","*ALL",0.183,0.498,0.000,0.070,0.258,0.170,"019E"
2019/04/25,17:39:00,"YWAS11","XRC SC AB","A1",0.177,0.510,0.000,0.069,0.268,0.173,"019E"
2019/04/25,17:39:00,"YWAS11","XRC SC AB","A2",0.000,0.000,0.000,0.000,0.000,0.000,"019E"
2019/04/25,17:39:00,"YWAS11","XRC SC AB","F1",0.007,0.192,0.000,0.096,0.000,0.096,"019E"
2019/04/25,17:39:00,"YWAS11","XRC SC AB","F2",0.000,0.000,0.000,0.000,0.000,0.000,"019E"
2019/04/25,17:39:00,"YWAS11","XRC SC AB","A*",0.177,0.510,0.000,0.069,0.268,0.173,"019E"
2019/04/25,17:39:00,"YWAS11","XRC SC AB","F*",0.007,0.192,0.000,0.096,0.000,0.096,"019E"
2019/04/25,17:39:00,"YDBL01","DB2 LOG","*ALL",473.973,0.535,0.000,0.069,0.262,0.205,"019E"
2019/04/25,17:39:00,"YDBL01","DB2 LOG","A1",473.967,0.535,0.000,0.069,0.262,0.205,"019E"
2019/04/25,17:39:00,"YDBL01","DB2 LOG","A2",0.000,0.000,0.000,0.000,0.000,0.000,"019E"
2019/04/25,17:39:00,"YDBL01","DB2 LOG","F1",0.007,0.160,0.000,0.064,0.000,0.096,"019E"
2019/04/25,17:39:00,"YDBL01","DB2 LOG","F2",0.000,0.000,0.000,0.000,0.000,0.000,"019E"
2019/04/25,17:39:00,"YDBL01","DB2 LOG","A*",473.967,0.535,0.000,0.069,0.262,0.205,"019E"
2019/04/25,17:39:00,"YDBL01","DB2 LOG","F*",0.007,0.160,0.000,0.064,0.000,0.096,"019E"
2019/04/25,17:39:00,"YDBL02","DB2 LOG","*ALL",409.217,0.528,0.000,0.070,0.244,0.214,"019E"
2019/04/25,17:39:00,"YDBL02","DB2 LOG","A1",409.210,0.528,0.000,0.070,0.244,0.214,"019E"
2019/04/25,17:39:00,"YDBL02","DB2 LOG","A2",0.000,0.000,0.000,0.000,0.000,0.000,"019E"
2019/04/25,17:39:00,"YDBL02","DB2 LOG","F1",0.007,0.192,0.000,0.096,0.000,0.096,"019E"
2019/04/25,17:39:00,"YDBL02","DB2 LOG","F2",0.000,0.000,0.000,0.000,0.000,0.000,"019E"
2019/04/25,17:39:00,"YDBL02","DB2 LOG","A*",409.210,0.528,0.000,0.070,0.244,0.214,"019E"
2019/04/25,17:39:00,"YDBL02","DB2 LOG","F*",0.007,0.192,0.000,0.096,0.000,0.096,"019E"
2019/04/25,17:39:00,"YDBL06","DB2 LOG","*ALL",372.539,0.542,0.000,0.070,0.273,0.200,"019E"
2019/04/25,17:39:00,"YDBL06","DB2 LOG","A1",0.000,0.000,0.000,0.000,0.000,0.000,"019E"
2019/04/25,17:39:00,"YDBL06","DB2 LOG","A2",372.532,0.542,0.000,0.070,0.273,0.200,"019E"
2019/04/25,17:39:00,"YDBL06","DB2 LOG","F1",0.007,0.160,0.000,0.064,0.000,0.096,"019E"
2019/04/25,17:39:00,"YDBL06","DB2 LOG","F2",0.000,0.000,0.000,0.000,0.000,0.000,"019E"
2019/04/25,17:39:00,"YDBL06","DB2 LOG","A*",372.532,0.542,0.000,0.070,0.273,0.200,"019E"
2019/04/25,17:39:00,"YDBL06","DB2 LOG","F*",0.007,0.160,0.000,0.064,0.000,0.096,"019E"
2019/04/25,17:39:00,"YDBL05","DB2 LOG","*ALL",459.660,0.540,0.000,0.070,0.270,0.200,"019E"
2019/04/25,17:39:00,"YDBL05","DB2 LOG","A1",0.000,0.000,0.000,0.000,0.000,0.000,"019E"
2019/04/25,17:39:00,"YDBL05","DB2 LOG","A2",459.653,0.540,0.000,0.070,0.270,0.200,"019E"
2019/04/25,17:39:00,"YDBL05","DB2 LOG","F1",0.007,0.192,0.000,0.096,0.000,0.096,"019E"
2019/04/25,17:39:00,"YDBL05","DB2 LOG","F2",0.000,0.000,0.000,0.000,0.000,0.000,"019E"
2019/04/25,17:39:00,"YDBL05","DB2 LOG","A*",459.653,0.540,0.000,0.070,0.270,0.200,"019E"
2019/04/25,17:39:00,"YDBL05","DB2 LOG","F*",0.007,0.192,0.000,0.096,0.000,0.096,"019E"
2019/04/25,17:39:00,"YDBA01","DB2 Arch","*ALL",35.208,1.383,0.000,0.073,0.527,0.783,"019E"
2019/04/25,17:39:00,"YDBA01","DB2 Arch","A1",11.782,1.333,0.000,0.072,0.476,0.785,"019E"
2019/04/25,17:39:00,"YDBA01","DB2 Arch","A2",23.387,1.410,0.000,0.073,0.554,0.783,"019E"
2019/04/25,17:39:00,"YDBA01","DB2 Arch","F1",0.023,0.183,0.000,0.110,0.000,0.073,"019E"
2019/04/25,17:39:00,"YDBA01","DB2 Arch","F2",0.017,0.166,0.000,0.102,0.000,0.064,"019E"
2019/04/25,17:39:00,"YDBA01","DB2 Arch","A*",35.169,1.384,0.000,0.073,0.528,0.784,"019E"
2019/04/25,17:39:00,"YDBA01","DB2 Arch","F*",0.040,0.176,0.000,0.107,0.000,0.069,"019E"
2019/04/25,17:39:00,"YDBA02","DB2 Arch","*ALL",12.028,1.198,0.000,0.071,0.396,0.731,"019E"
2019/04/25,17:39:00,"YDBA02","DB2 Arch","A1",11.702,1.211,0.000,0.070,0.403,0.738,"019E"
2019/04/25,17:39:00,"YDBA02","DB2 Arch","A2",0.287,0.811,0.000,0.092,0.156,0.563,"019E"
2019/04/25,17:39:00,"YDBA02","DB2 Arch","F1",0.023,0.174,0.000,0.101,0.000,0.073,"019E"
2019/04/25,17:39:00,"YDBA02","DB2 Arch","F2",0.017,0.179,0.000,0.115,0.000,0.064,"019E"
2019/04/25,17:39:00,"YDBA02","DB2 Arch","A*",11.989,1.201,0.000,0.071,0.397,0.734,"019E"
2019/04/25,17:39:00,"YDBA02","DB2 Arch","F*",0.040,0.176,0.000,0.107,0.000,0.069,"019E"
2019/04/25,17:39:00,"YDBA03","DB2 Arch","*ALL",11.918,1.202,0.000,0.071,0.394,0.737,"019E"
2019/04/25,17:39:00,"YDBA03","DB2 Arch","A1",11.782,1.210,0.000,0.071,0.397,0.742,"019E"
2019/04/25,17:39:00,"YDBA03","DB2 Arch","A2",0.097,0.746,0.000,0.086,0.247,0.413,"019E"
2019/04/25,17:39:00,"YDBA03","DB2 Arch","F1",0.023,0.183,0.000,0.110,0.000,0.073,"019E"
2019/04/25,17:39:00,"YDBA03","DB2 Arch","F2",0.017,0.179,0.000,0.102,0.000,0.077,"019E"
2019/04/25,17:39:00,"YDBA03","DB2 Arch","A*",11.879,1.206,0.000,0.071,0.396,0.739,"019E"
2019/04/25,17:39:00,"YDBA03","DB2 Arch","F*",0.040,0.181,0.000,0.107,0.000,0.075,"019E"
2019/04/25,17:39:00,"YDBA04","DB2 Arch","*ALL",11.838,1.214,0.000,0.072,0.405,0.737,"019E"
2019/04/25,17:39:00,"YDBA04","DB2 Arch","A1",0.097,0.702,0.000,0.079,0.223,0.399,"019E"
2019/04/25,17:39:00,"YDBA04","DB2 Arch","A2",11.702,1.221,0.000,0.071,0.408,0.742,"019E"
2019/04/25,17:39:00,"YDBA04","DB2 Arch","F1",0.023,0.183,0.000,0.110,0.000,0.073,"019E"
2019/04/25,17:39:00,"YDBA04","DB2 Arch","F2",0.017,0.179,0.000,0.115,0.000,0.064,"019E"
2019/04/25,17:39:00,"YDBA04","DB2 Arch","A*",11.799,1.217,0.000,0.071,0.406,0.739,"019E"
2019/04/25,17:39:00,"YDBA04","DB2 Arch","F*",0.040,0.181,0.000,0.112,0.000,0.069,"019E"
2019/04/25,17:39:00,"YDBU01","DB2 DB","*ALL",1.677,2.067,0.000,0.082,1.261,0.724,"019E"
2019/04/25,17:39:00,"YDBU01","DB2 DB","A1",0.700,0.153,0.000,0.077,0.004,0.071,"019E"
2019/04/25,17:39:00,"YDBU01","DB2 DB","A2",0.937,3.578,0.000,0.084,2.254,1.240,"019E"
2019/04/25,17:39:00,"YDBU01","DB2 DB","F1",0.023,0.174,0.000,0.101,0.000,0.073,"019E"
2019/04/25,17:39:00,"YDBU01","DB2 DB","F2",0.017,0.166,0.000,0.102,0.000,0.064,"019E"
2019/04/25,17:39:00,"YDBU01","DB2 DB","A*",1.637,2.113,0.000,0.081,1.292,0.740,"019E"
2019/04/25,17:39:00,"YDBU01","DB2 DB","F*",0.040,0.171,0.000,0.101,0.000,0.069,"019E"
2019/04/25,17:39:00,"YDBU02","DB2 DB","*ALL",0.073,0.175,0.000,0.105,0.000,0.070,"019E"
2019/04/25,17:39:00,"YDBU02","DB2 DB","A1",0.017,0.192,0.000,0.115,0.000,0.077,"019E"
2019/04/25,17:39:00,"YDBU02","DB2 DB","A2",0.017,0.192,0.000,0.115,0.000,0.077,"019E"
2019/04/25,17:39:00,"YDBU02","DB2 DB","F1",0.023,0.155,0.000,0.091,0.000,0.064,"019E"
2019/04/25,17:39:00,"YDBU02","DB2 DB","F2",0.017,0.166,0.000,0.102,0.000,0.064,"019E"
2019/04/25,17:39:00,"YDBU02","DB2 DB","A*",0.034,0.192,0.000,0.115,0.000,0.077,"019E"
2019/04/25,17:39:00,"YDBU02","DB2 DB","F*",0.040,0.160,0.000,0.096,0.000,0.064,"019E"
2019/04/25,17:39:00,"YDBU03","DB2 DB","*ALL",0.447,16.83,0.000,0.118,10.95,5.764,"019E"
2019/04/25,17:39:00,"YDBU03","DB2 DB","A1",0.390,19.25,0.000,0.120,12.54,6.592,"019E"
2019/04/25,17:39:00,"YDBU03","DB2 DB","A2",0.017,0.179,0.000,0.115,0.000,0.064,"019E"
2019/04/25,17:39:00,"YDBU03","DB2 DB","F1",0.023,0.174,0.000,0.101,0.000,0.073,"019E"
2019/04/25,17:39:00,"YDBU03","DB2 DB","F2",0.017,0.179,0.000,0.115,0.000,0.064,"019E"
2019/04/25,17:39:00,"YDBU03","DB2 DB","A*",0.407,18.453,0.000,0.120,12.016,6.319,"019E"
2019/04/25,17:39:00,"YDBU03","DB2 DB","F*",0.040,0.176,0.000,0.107,0.000,0.069,"019E"
2019/04/25,17:39:00,"YDBU04","DB2 DB","*ALL",0.102,0.260,0.000,0.101,0.042,0.118,"019E"
2019/04/25,17:39:00,"YDBU04","DB2 DB","A1",0.045,0.346,0.000,0.081,0.095,0.171,"019E"
2019/04/25,17:39:00,"YDBU04","DB2 DB","A2",0.017,0.205,0.000,0.128,0.000,0.077,"019E"
2019/04/25,17:39:00,"YDBU04","DB2 DB","F1",0.023,0.183,0.000,0.101,0.000,0.082,"019E"
2019/04/25,17:39:00,"YDBU04","DB2 DB","F2",0.017,0.192,0.000,0.128,0.000,0.064,"019E"
2019/04/25,17:39:00,"YDBU04","DB2 DB","A*",0.062,0.307,0.000,0.094,0.069,0.145,"019E"
2019/04/25,17:39:00,"YDBU04","DB2 DB","F*",0.040,0.187,0.000,0.112,0.000,0.074,"019E"
2019/04/25,17:39:00,"YDBU05","DB2 DB","*ALL",0.172,0.524,0.000,0.093,0.165,0.266,"019E"
2019/04/25,17:39:00,"YDBU05","DB2 DB","A1",0.077,0.587,0.000,0.089,0.200,0.298,"019E"
2019/04/25,17:39:00,"YDBU05","DB2 DB","A2",0.055,0.687,0.000,0.085,0.237,0.365,"019E"
2019/04/25,17:39:00,"YDBU05","DB2 DB","F1",0.023,0.183,0.000,0.110,0.000,0.073,"019E"
2019/04/25,17:39:00,"YDBU05","DB2 DB","F2",0.017,0.179,0.000,0.115,0.000,0.064,"019E"
2019/04/25,17:39:00,"YDBU05","DB2 DB","A*",0.132,0.629,0.000,0.087,0.215,0.326,"019E"
2019/04/25,17:39:00,"YDBU05","DB2 DB","F*",0.040,0.181,0.000,0.112,0.000,0.069,"019E"
2019/04/25,17:39:00,"YDBU06","DB2 DB","*ALL",2.288,1.377,0.000,0.081,0.803,0.493,"019E"
2019/04/25,17:39:00,"YDBU06","DB2 DB","A1",1.200,2.397,0.000,0.083,1.508,0.806,"019E"
2019/04/25,17:39:00,"YDBU06","DB2 DB","A2",1.048,0.255,0.000,0.077,0.027,0.151,"019E"
2019/04/25,17:39:00,"YDBU06","DB2 DB","F1",0.023,0.183,0.000,0.101,0.000,0.082,"019E"
2019/04/25,17:39:00,"YDBU06","DB2 DB","F2",0.017,0.192,0.000,0.115,0.000,0.077,"019E"
2019/04/25,17:39:00,"YDBU06","DB2 DB","A*",2.248,1.398,0.000,0.080,0.818,0.501,"019E"
2019/04/25,17:39:00,"YDBU06","DB2 DB","F*",0.040,0.187,0.000,0.107,0.000,0.080,"019E"
2019/04/25,17:39:00,"YDBU07","DB2 DB","*ALL",11.017,1.912,0.000,0.090,1.049,0.773,"019E"
2019/04/25,17:39:00,"YDBU07","DB2 DB","A1",5.748,2.823,0.000,0.092,1.678,1.053,"019E"
2019/04/25,17:39:00,"YDBU07","DB2 DB","A2",5.228,0.924,0.000,0.088,0.366,0.470,"019E"
2019/04/25,17:39:00,"YDBU07","DB2 DB","F1",0.023,0.174,0.000,0.101,0.000,0.073,"019E"
2019/04/25,17:39:00,"YDBU07","DB2 DB","F2",0.017,0.166,0.000,0.102,0.000,0.064,"019E"
2019/04/25,17:39:00,"YDBU07","DB2 DB","A*",10.976,1.918,0.000,0.090,1.053,0.775,"019E"
2019/04/25,17:39:00,"YDBU07","DB2 DB","F*",0.040,0.171,0.000,0.101,0.000,0.069,"019E"
2019/04/25,17:39:00,"YDBU08","DB2 DB","*ALL",221.423,0.718,0.000,0.069,0.404,0.245,"019E"
2019/04/25,17:39:00,"YDBU08","DB2 DB","A1",121.410,0.724,0.000,0.069,0.405,0.250,"019E"
2019/04/25,17:39:00,"YDBU08","DB2 DB","A2",99.973,0.711,0.000,0.069,0.403,0.240,"019E"
2019/04/25,17:39:00,"YDBU08","DB2 DB","F1",0.023,0.165,0.000,0.101,0.000,0.064,"019E"
2019/04/25,17:39:00,"YDBU08","DB2 DB","F2",0.017,0.166,0.000,0.102,0.000,0.064,"019E"
2019/04/25,17:39:00,"YDBU08","DB2 DB","A*",221.383,0.718,0.000,0.069,0.404,0.245,"019E"
2019/04/25,17:39:00,"YDBU08","DB2 DB","F*",0.040,0.165,0.000,0.101,0.000,0.064,"019E"
2019/04/25,17:39:00,"YDBU09","DB2 DB","*ALL",0.223,7.502,0.000,0.104,4.896,2.503,"019E"
2019/04/25,17:39:00,"YDBU09","DB2 DB","A1",0.137,12.15,0.000,0.111,8.000,4.043,"019E"
2019/04/25,17:39:00,"YDBU09","DB2 DB","A2",0.047,0.160,0.000,0.087,0.000,0.073,"019E"
2019/04/25,17:39:00,"YDBU09","DB2 DB","F1",0.023,0.183,0.000,0.101,0.000,0.082,"019E"
2019/04/25,17:39:00,"YDBU09","DB2 DB","F2",0.017,0.166,0.000,0.102,0.000,0.064,"019E"
2019/04/25,17:39:00,"YDBU09","DB2 DB","A*",0.184,9.087,0.000,0.105,5.957,3.029,"019E"
2019/04/25,17:39:00,"YDBU09","DB2 DB","F*",0.040,0.176,0.000,0.101,0.000,0.074,"019E"
2019/04/25,17:39:00,"YDBU0A","DB2 DB","*ALL",0.073,0.175,0.000,0.099,0.000,0.076,"019E"
2019/04/25,17:39:00,"YDBU0A","DB2 DB","A1",0.017,0.179,0.000,0.102,0.000,0.077,"019E"
2019/04/25,17:39:00,"YDBU0A","DB2 DB","A2",0.017,0.179,0.000,0.102,0.000,0.077,"019E"
2019/04/25,17:39:00,"YDBU0A","DB2 DB","F1",0.023,0.174,0.000,0.091,0.000,0.082,"019E"
2019/04/25,17:39:00,"YDBU0A","DB2 DB","F2",0.017,0.166,0.000,0.102,0.000,0.064,"019E"
2019/04/25,17:39:00,"YDBU0A","DB2 DB","A*",0.034,0.179,0.000,0.102,0.000,0.077,"019E"
2019/04/25,17:39:00,"YDBU0A","DB2 DB","F*",0.040,0.171,0.000,0.096,0.000,0.074,"019E"
2019/04/25,17:39:00,"YDBC01","DB2 Cat","*ALL",0.332,7.392,0.000,0.096,4.987,2.309,"019E"
2019/04/25,17:39:00,"YDBC01","DB2 Cat","A1",0.218,11.06,0.000,0.101,7.511,3.444,"019E"
2019/04/25,17:39:00,"YDBC01","DB2 Cat","A2",0.073,0.422,0.000,0.079,0.195,0.148,"019E"
2019/04/25,17:39:00,"YDBC01","DB2 Cat","F1",0.023,0.174,0.000,0.101,0.000,0.073,"019E"
2019/04/25,17:39:00,"YDBC01","DB2 Cat","F2",0.017,0.166,0.000,0.102,0.000,0.064,"019E"
2019/04/25,17:39:00,"YDBC01","DB2 Cat","A*",0.291,8.391,0.000,0.095,5.676,2.617,"019E"
2019/04/25,17:39:00,"YDBC01","DB2 Cat","F*",0.040,0.171,0.000,0.101,0.000,0.069,"019E"
2019/04/25,17:39:00,"YDBW01","","*ALL",0.013,0.336,0.000,0.080,0.128,0.128,"019E"
2019/04/25,17:39:00,"YDBW01","","A1",0.003,0.448,0.000,0.064,0.256,0.128,"019E"
2019/04/25,17:39:00,"YDBW01","","A2",0.003,0.512,0.000,0.064,0.256,0.192,"019E"
2019/04/25,17:39:00,"YDBW01","","F1",0.007,0.192,0.000,0.096,0.000,0.096,"019E"
2019/04/25,17:39:00,"YDBW01","","F2",0.000,0.000,0.000,0.000,0.000,0.000,"019E"
2019/04/25,17:39:00,"YDBW01","","A*",0.006,0.480,0.000,0.064,0.256,0.160,"019E"
2019/04/25,17:39:00,"YDBW01","","F*",0.007,0.192,0.000,0.096,0.000,0.096,"019E"
2019/04/25,17:39:00,"YDBB01","DB2 DB","*ALL",0.007,0.160,0.000,0.064,0.000,0.096,"019E"
2019/04/25,17:39:00,"YDBB01","DB2 DB","A1",0.000,0.000,0.000,0.000,0.000,0.000,"019E"
2019/04/25,17:39:00,"YDBB01","DB2 DB","A2",0.000,0.000,0.000,0.000,0.000,0.000,"019E"
2019/04/25,17:39:00,"YDBB01","DB2 DB","F1",0.007,0.160,0.000,0.064,0.000,0.096,"019E"
2019/04/25,17:39:00,"YDBB01","DB2 DB","F2",0.000,0.000,0.000,0.000,0.000,0.000,"019E"
2019/04/25,17:39:00,"YDBB01","DB2 DB","A*",0.000,0.000,0.000,0.000,0.000,0.000,"019E"
2019/04/25,17:39:00,"YDBB01","DB2 DB","F*",0.007,0.160,0.000,0.064,0.000,0.096,"019E"
2019/04/25,17:39:00,"YDBB02","DB2 DB","*ALL",0.255,0.600,0.000,0.089,0.110,0.401,"019E"
2019/04/25,17:39:00,"YDBB02","DB2 DB","A1",0.197,0.599,0.000,0.094,0.056,0.448,"019E"
2019/04/25,17:39:00,"YDBB02","DB2 DB","A2",0.052,0.661,0.000,0.070,0.330,0.260,"019E"
2019/04/25,17:39:00,"YDBB02","DB2 DB","F1",0.007,0.160,0.000,0.064,0.000,0.096,"019E"
2019/04/25,17:39:00,"YDBB02","DB2 DB","F2",0.000,0.000,0.000,0.000,0.000,0.000,"019E"
2019/04/25,17:39:00,"YDBB02","DB2 DB","A*",0.249,0.612,0.000,0.089,0.113,0.409,"019E"
2019/04/25,17:39:00,"YDBB02","DB2 DB","F*",0.007,0.160,0.000,0.064,0.000,0.096,"019E"
2019/04/25,17:39:00,"YDBI01","","*ALL",0.007,0.192,0.000,0.096,0.000,0.096,"019E"
2019/04/25,17:39:00,"YDBI01","","A1",0.000,0.000,0.000,0.000,0.000,0.000,"019E"
2019/04/25,17:39:00,"YDBI01","","A2",0.000,0.000,0.000,0.000,0.000,0.000,"019E"
2019/04/25,17:39:00,"YDBI01","","F1",0.007,0.192,0.000,0.096,0.000,0.096,"019E"
2019/04/25,17:39:00,"YDBI01","","F2",0.000,0.000,0.000,0.000,0.000,0.000,"019E"
2019/04/25,17:39:00,"YDBI01","","A*",0.000,0.000,0.000,0.000,0.000,0.000,"019E"
2019/04/25,17:39:00,"YDBI01","","F*",0.007,0.192,0.000,0.096,0.000,0.096,"019E"
2019/04/25,17:39:00,"YMQAC1","MQ Arch","*ALL",26.515,0.966,0.000,0.070,0.317,0.580,"019E"
2019/04/25,17:39:00,"YMQAC1","MQ Arch","A1",8.948,0.949,0.000,0.070,0.307,0.571,"019E"
2019/04/25,17:39:00,"YMQAC1","MQ Arch","A2",17.527,0.977,0.000,0.069,0.322,0.586,"019E"
2019/04/25,17:39:00,"YMQAC1","MQ Arch","F1",0.023,0.183,0.000,0.110,0.000,0.073,"019E"
2019/04/25,17:39:00,"YMQAC1","MQ Arch","F2",0.017,0.179,0.000,0.102,0.000,0.077,"019E"
2019/04/25,17:39:00,"YMQAC1","MQ Arch","A*",26.475,0.968,0.000,0.069,0.317,0.581,"019E"
2019/04/25,17:39:00,"YMQAC1","MQ Arch","F*",0.040,0.181,0.000,0.107,0.000,0.075,"019E"
2019/04/25,17:39:00,"YMQAC2","MQ Arch","*ALL",8.917,0.936,0.000,0.070,0.298,0.569,"019E"
2019/04/25,17:39:00,"YMQAC2","MQ Arch","A1",0.017,0.192,0.000,0.115,0.000,0.077,"019E"
2019/04/25,17:39:00,"YMQAC2","MQ Arch","A2",8.860,0.941,0.000,0.070,0.299,0.572,"019E"
2019/04/25,17:39:00,"YMQAC2","MQ Arch","F1",0.023,0.183,0.000,0.101,0.000,0.082,"019E"
2019/04/25,17:39:00,"YMQAC2","MQ Arch","F2",0.017,0.218,0.000,0.128,0.000,0.090,"019E"
2019/04/25,17:39:00,"YMQAC2","MQ Arch","A*",8.877,0.940,0.000,0.070,0.298,0.571,"019E"
2019/04/25,17:39:00,"YMQAC2","MQ Arch","F*",0.040,0.198,0.000,0.112,0.000,0.085,"019E"
2019/04/25,17:39:00,"YMBUR1","","*ALL",0.107,0.280,0.000,0.094,0.086,0.100,"019E"
2019/04/25,17:39:00,"YMBUR1","","A1",0.050,0.397,0.000,0.081,0.183,0.132,"019E"
2019/04/25,17:39:00,"YMBUR1","","A2",0.017,0.166,0.000,0.102,0.000,0.064,"019E"
2019/04/25,17:39:00,"YMBUR1","","F1",0.023,0.174,0.000,0.101,0.000,0.073,"019E"
2019/04/25,17:39:00,"YMBUR1","","F2",0.017,0.192,0.000,0.115,0.000,0.077,"019E"
2019/04/25,17:39:00,"YMBUR1","","A*",0.067,0.338,0.000,0.086,0.137,0.115,"019E"
2019/04/25,17:39:00,"YMBUR1","","F*",0.040,0.182,0.000,0.107,0.000,0.075,"019E"
2019/04/25,17:39:00,"YMBH01","","*ALL",0.073,0.489,0.000,0.070,0.250,0.169,"019E"
2019/04/25,17:39:00,"YMBH01","","A1",0.067,0.515,0.000,0.067,0.275,0.173,"019E"
2019/04/25,17:39:00,"YMBH01","","A2",0.000,0.000,0.000,0.000,0.000,0.000,"019E"
2019/04/25,17:39:00,"YMBH01","","F1",0.007,0.224,0.000,0.096,0.000,0.128,"019E"
2019/04/25,17:39:00,"YMBH01","","F2",0.000,0.000,0.000,0.000,0.000,0.000,"019E"
2019/04/25,17:39:00,"YMBH01","","A*",0.067,0.515,0.000,0.067,0.275,0.173,"019E"
2019/04/25,17:39:00,"YMBH01","","F*",0.007,0.224,0.000,0.096,0.000,0.128,"019E"
2019/04/25,17:39:00,"YGDU41","","*ALL",0.000,0.000,0.000,0.000,0.000,0.000,"019E"
2019/04/25,17:39:00,"YGDU41","","A1",0.000,0.000,0.000,0.000,0.000,0.000,"019E"
2019/04/25,17:39:00,"YGDU41","","A2",0.000,0.000,0.000,0.000,0.000,0.000,"019E"
2019/04/25,17:39:00,"YGDU41","","A*",0.000,0.000,0.000,0.000,0.000,0.000,"019E"
2019/04/25,17:39:00,"YGDU42","","*ALL",0.000,0.000,0.000,0.000,0.000,0.000,"019E"
2019/04/25,17:39:00,"YGDU42","","A1",0.000,0.000,0.000,0.000,0.000,0.000,"019E"
2019/04/25,17:39:00,"YGDU42","","A2",0.000,0.000,0.000,0.000,0.000,0.000,"019E"
2019/04/25,17:39:00,"YGDU42","","A*",0.000,0.000,0.000,0.000,0.000,0.000,"019E"
2019/04/25,17:39:00,"YGDU43","","*ALL",0.000,0.000,0.000,0.000,0.000,0.000,"019E"
2019/04/25,17:39:00,"YGDU43","","A1",0.000,0.000,0.000,0.000,0.000,0.000,"019E"
2019/04/25,17:39:00,"YGDU43","","A2",0.000,0.000,0.000,0.000,0.000,0.000,"019E"
2019/04/25,17:39:00,"YGDU43","","A*",0.000,0.000,0.000,0.000,0.000,0.000,"019E"
2019/04/25,17:39:00,"YGDU44","","*ALL",0.000,0.000,0.000,0.000,0.000,0.000,"019E"
2019/04/25,17:39:00,"YGDU44","","A1",0.000,0.000,0.000,0.000,0.000,0.000,"019E"
2019/04/25,17:39:00,"YGDU44","","A2",0.000,0.000,0.000,0.000,0.000,0.000,"019E"
2019/04/25,17:39:00,"YGDU44","","A*",0.000,0.000,0.000,0.000,0.000,0.000,"019E"
2019/04/25,17:39:00,"YGDU45","","*ALL",0.000,0.000,0.000,0.000,0.000,0.000,"019E"
2019/04/25,17:39:00,"YGDU45","","A1",0.000,0.000,0.000,0.000,0.000,0.000,"019E"
2019/04/25,17:39:00,"YGDU45","","A2",0.000,0.000,0.000,0.000,0.000,0.000,"019E"
2019/04/25,17:39:00,"YGDU45","","A*",0.000,0.000,0.000,0.000,0.000,0.000,"019E"
2019/04/25,17:39:00,"YDSA1C","SMF","*ALL",217.444,0.491,0.000,0.069,0.253,0.169,"019E"
2019/04/25,17:39:00,"YDSA1C","SMF","A1",217.438,0.491,0.000,0.069,0.253,0.169,"019E"
2019/04/25,17:39:00,"YDSA1C","SMF","A2",0.000,0.000,0.000,0.000,0.000,0.000,"019E"
2019/04/25,17:39:00,"YDSA1C","SMF","F1",0.007,0.192,0.000,0.096,0.000,0.096,"019E"
2019/04/25,17:39:00,"YDSA1C","SMF","F2",0.000,0.000,0.000,0.000,0.000,0.000,"019E"
2019/04/25,17:39:00,"YDSA1C","SMF","A*",217.438,0.491,0.000,0.069,0.253,0.169,"019E"
2019/04/25,17:39:00,"YDSA1C","SMF","F*",0.007,0.192,0.000,0.096,0.000,0.096,"019E"
2019/04/25,17:39:00,"YCOM01","","*ALL",11.692,0.182,0.000,0.079,0.003,0.100,"019F"
2019/04/25,17:39:00,"YCOM01","","A1",5.848,0.179,0.000,0.079,0.003,0.097,"019F"
2019/04/25,17:39:00,"YCOM01","","A2",5.770,0.179,0.000,0.078,0.003,0.097,"019F"
2019/04/25,17:39:00,"YCOM01","","F1",0.013,0.224,0.000,0.096,0.000,0.128,"019F"
2019/04/25,17:39:00,"YCOM01","","F2",0.060,0.722,0.000,0.107,0.000,0.615,"019F"
2019/04/25,17:39:00,"YCOM01","","A*",11.618,0.179,0.000,0.079,0.003,0.097,"019F"
2019/04/25,17:39:00,"YCOM01","","F*",0.073,0.633,0.000,0.105,0.000,0.528,"019F"
2019/04/25,17:39:00,"YCOM02","","*ALL",0.628,0.436,0.000,0.074,0.172,0.189,"019F"
2019/04/25,17:39:00,"YCOM02","","A1",0.317,0.420,0.000,0.072,0.202,0.146,"019F"
2019/04/25,17:39:00,"YCOM02","","A2",0.252,0.388,0.000,0.070,0.176,0.142,"019F"
2019/04/25,17:39:00,"YCOM02","","F1",0.060,0.725,0.000,0.103,0.000,0.622,"019F"
2019/04/25,17:39:00,"YCOM02","","F2",0.000,0.000,0.000,0.000,0.000,0.000,"019F"
2019/04/25,17:39:00,"YCOM02","","A*",0.569,0.406,0.000,0.071,0.190,0.144,"019F"
2019/04/25,17:39:00,"YCOM02","","F*",0.060,0.725,0.000,0.103,0.000,0.622,"019F"
2019/04/25,17:39:00,"YDSA2A","SMF","*ALL",1.517,0.567,0.000,0.093,0.307,0.167,"019F"
2019/04/25,17:39:00,"YDSA2A","SMF","A1",0.000,0.000,0.000,0.000,0.000,0.000,"019F"
2019/04/25,17:39:00,"YDSA2A","SMF","A2",1.510,0.569,0.000,0.093,0.309,0.167,"019F"
2019/04/25,17:39:00,"YDSA2A","SMF","F1",0.007,0.224,0.000,0.096,0.000,0.128,"019F"
2019/04/25,17:39:00,"YDSA2A","SMF","F2",0.000,0.000,0.000,0.000,0.000,0.000,"019F"
2019/04/25,17:39:00,"YDSA2A","SMF","A*",1.510,0.569,0.000,0.093,0.309,0.167,"019F"
2019/04/25,17:39:00,"YDSA2A","SMF","F*",0.007,0.224,0.000,0.096,0.000,0.128,"019F"
2019/04/25,17:39:00,"YDSA2B","SMF","*ALL",1.057,0.574,0.000,0.102,0.286,0.186,"019F"
2019/04/25,17:39:00,"YDSA2B","SMF","A1",0.000,0.000,0.000,0.000,0.000,0.000,"019F"
2019/04/25,17:39:00,"YDSA2B","SMF","A2",1.050,0.576,0.000,0.102,0.288,0.186,"019F"
2019/04/25,17:39:00,"YDSA2B","SMF","F1",0.007,0.192,0.000,0.096,0.000,0.096,"019F"
2019/04/25,17:39:00,"YDSA2B","SMF","F2",0.000,0.000,0.000,0.000,0.000,0.000,"019F"
2019/04/25,17:39:00,"YDSA2B","SMF","A*",1.050,0.576,0.000,0.102,0.288,0.186,"019F"
2019/04/25,17:39:00,"YDSA2B","SMF","F*",0.007,0.192,0.000,0.096,0.000,0.096,"019F"
2019/04/25,17:39:00,"YLGR21","LOGGER","*ALL",385.822,0.836,0.000,0.409,0.279,0.149,"019F"
2019/04/25,17:39:00,"YLGR21","LOGGER","A1",0.017,0.179,0.000,0.102,0.000,0.077,"019F"
2019/04/25,17:39:00,"YLGR21","LOGGER","A2",385.752,0.836,0.000,0.409,0.279,0.149,"019F"
2019/04/25,17:39:00,"YLGR21","LOGGER","F1",0.030,0.491,0.000,0.107,0.000,0.384,"019F"
2019/04/25,17:39:00,"YLGR21","LOGGER","F2",0.023,0.567,0.000,0.110,0.000,0.457,"019F"
2019/04/25,17:39:00,"YLGR21","LOGGER","A*",385.769,0.836,0.000,0.409,0.279,0.149,"019F"
2019/04/25,17:39:00,"YLGR21","LOGGER","F*",0.053,0.524,0.000,0.108,0.000,0.416,"019F"
2019/04/25,17:39:00,"YWRK01","","*ALL",0.007,0.192,0.000,0.096,0.000,0.096,"019F"
2019/04/25,17:39:00,"YWRK01","","A1",0.000,0.000,0.000,0.000,0.000,0.000,"019F"
2019/04/25,17:39:00,"YWRK01","","A2",0.000,0.000,0.000,0.000,0.000,0.000,"019F"
2019/04/25,17:39:00,"YWRK01","","F1",0.007,0.192,0.000,0.096,0.000,0.096,"019F"
2019/04/25,17:39:00,"YWRK01","","F2",0.000,0.000,0.000,0.000,0.000,0.000,"019F"
2019/04/25,17:39:00,"YWRK01","","A*",0.000,0.000,0.000,0.000,0.000,0.000,"019F"
2019/04/25,17:39:00,"YWRK01","","F*",0.007,0.192,0.000,0.096,0.000,0.096,"019F"
2019/04/25,17:39:00,"YLGRC1","LOGGER","*ALL",0.595,0.576,0.000,0.078,0.272,0.226,"019F"
2019/04/25,17:39:00,"YLGRC1","LOGGER","A1",0.202,0.612,0.000,0.073,0.371,0.168,"019F"
2019/04/25,17:39:00,"YLGRC1","LOGGER","A2",0.353,0.598,0.000,0.075,0.246,0.277,"019F"
2019/04/25,17:39:00,"YLGRC1","LOGGER","F1",0.023,0.183,0.000,0.110,0.000,0.073,"019F"
2019/04/25,17:39:00,"YLGRC1","LOGGER","F2",0.017,0.218,0.000,0.141,0.000,0.077,"019F"
2019/04/25,17:39:00,"YLGRC1","LOGGER","A*",0.555,0.603,0.000,0.074,0.291,0.237,"019F"
2019/04/25,17:39:00,"YLGRC1","LOGGER","F*",0.040,0.198,0.000,0.123,0.000,0.075,"019F"
2019/04/25,17:39:00,"YSYZ2F","","*ALL",0.240,0.355,0.000,0.073,0.156,0.126,"019F"
2019/04/25,17:39:00,"YSYZ2F","","A1",0.233,0.359,0.000,0.072,0.160,0.127,"019F"
2019/04/25,17:39:00,"YSYZ2F","","A2",0.000,0.000,0.000,0.000,0.000,0.000,"019F"
2019/04/25,17:39:00,"YSYZ2F","","F1",0.007,0.192,0.000,0.096,0.000,0.096,"019F"
2019/04/25,17:39:00,"YSYZ2F","","F2",0.000,0.000,0.000,0.000,0.000,0.000,"019F"
2019/04/25,17:39:00,"YSYZ2F","","A*",0.233,0.359,0.000,0.072,0.160,0.127,"019F"
2019/04/25,17:39:00,"YSYZ2F","","F*",0.007,0.192,0.000,0.096,0.000,0.096,"019F"
2019/04/25,17:39:00,"YSYZ2G","","*ALL",0.540,0.163,0.000,0.075,0.017,0.071,"019F"
2019/04/25,17:39:00,"YSYZ2G","","A1",0.533,0.162,0.000,0.074,0.018,0.070,"019F"
2019/04/25,17:39:00,"YSYZ2G","","A2",0.000,0.000,0.000,0.000,0.000,0.000,"019F"
2019/04/25,17:39:00,"YSYZ2G","","F1",0.007,0.224,0.000,0.096,0.000,0.128,"019F"
2019/04/25,17:39:00,"YSYZ2G","","F2",0.000,0.000,0.000,0.000,0.000,0.000,"019F"
2019/04/25,17:39:00,"YSYZ2G","","A*",0.533,0.162,0.000,0.074,0.018,0.070,"019F"
2019/04/25,17:39:00,"YSYZ2G","","F*",0.007,0.224,0.000,0.096,0.000,0.128,"019F"
2019/04/25,17:39:00,"YSYZ2H","","*ALL",0.107,0.172,0.000,0.098,0.000,0.074,"019F"
2019/04/25,17:39:00,"YSYZ2H","","A1",0.050,0.162,0.000,0.090,0.000,0.073,"019F"
2019/04/25,17:39:00,"YSYZ2H","","A2",0.017,0.179,0.000,0.102,0.000,0.077,"019F"
2019/04/25,17:39:00,"YSYZ2H","","F1",0.023,0.174,0.000,0.101,0.000,0.073,"019F"
2019/04/25,17:39:00,"YSYZ2H","","F2",0.017,0.192,0.000,0.115,0.000,0.077,"019F"
2019/04/25,17:39:00,"YSYZ2H","","A*",0.067,0.166,0.000,0.093,0.000,0.074,"019F"
2019/04/25,17:39:00,"YSYZ2H","","F*",0.040,0.182,0.000,0.107,0.000,0.075,"019F"
2019/04/25,17:39:00,"YSYZ2I","","*ALL",0.073,0.186,0.000,0.113,0.000,0.073,"019F"
2019/04/25,17:39:00,"YSYZ2I","","A1",0.017,0.179,0.000,0.115,0.000,0.064,"019F"
2019/04/25,17:39:00,"YSYZ2I","","A2",0.017,0.166,0.000,0.102,0.000,0.064,"019F"
2019/04/25,17:39:00,"YSYZ2I","","F1",0.023,0.201,0.000,0.119,0.000,0.082,"019F"
2019/04/25,17:39:00,"YSYZ2I","","F2",0.017,0.192,0.000,0.115,0.000,0.077,"019F"
2019/04/25,17:39:00,"YSYZ2I","","A*",0.034,0.173,0.000,0.109,0.000,0.064,"019F"
2019/04/25,17:39:00,"YSYZ2I","","F*",0.040,0.197,0.000,0.117,0.000,0.080,"019F"
2019/04/25,17:39:00,"YSYZ2J","","*ALL",0.007,0.160,0.000,0.096,0.000,0.064,"019F"
2019/04/25,17:39:00,"YSYZ2J","","A1",0.000,0.000,0.000,0.000,0.000,0.000,"019F"
2019/04/25,17:39:00,"YSYZ2J","","A2",0.000,0.000,0.000,0.000,0.000,0.000,"019F"
2019/04/25,17:39:00,"YSYZ2J","","F1",0.007,0.160,0.000,0.096,0.000,0.064,"019F"
2019/04/25,17:39:00,"YSYZ2J","","F2",0.000,0.000,0.000,0.000,0.000,0.000,"019F"
2019/04/25,17:39:00,"YSYZ2J","","A*",0.000,0.000,0.000,0.000,0.000,0.000,"019F"
2019/04/25,17:39:00,"YSYZ2J","","F*",0.007,0.160,0.000,0.096,0.000,0.064,"019F"
2019/04/25,17:39:00,"YMQL21","MQ LOG","*ALL",424.847,0.522,0.000,0.068,0.265,0.190,"019F"
2019/04/25,17:39:00,"YMQL21","MQ LOG","A1",3.973,0.517,0.000,0.067,0.279,0.171,"019F"
2019/04/25,17:39:00,"YMQL21","MQ LOG","A2",420.867,0.522,0.000,0.068,0.265,0.190,"019F"
2019/04/25,17:39:00,"YMQL21","MQ LOG","F1",0.007,0.192,0.000,0.096,0.000,0.096,"019F"
2019/04/25,17:39:00,"YMQL21","MQ LOG","F2",0.000,0.000,0.000,0.000,0.000,0.000,"019F"
2019/04/25,17:39:00,"YMQL21","MQ LOG","A*",424.840,0.522,0.000,0.068,0.265,0.190,"019F"
2019/04/25,17:39:00,"YMQL21","MQ LOG","F*",0.007,0.192,0.000,0.096,0.000,0.096,"019F"
2019/04/25,17:39:00,"YMQL22","MQ LOG","*ALL",419.847,0.516,0.000,0.067,0.269,0.180,"019F"
2019/04/25,17:39:00,"YMQL22","MQ LOG","A1",3.973,0.526,0.000,0.068,0.289,0.169,"019F"
2019/04/25,17:39:00,"YMQL22","MQ LOG","A2",415.867,0.516,0.000,0.067,0.268,0.180,"019F"
2019/04/25,17:39:00,"YMQL22","MQ LOG","F1",0.007,0.192,0.000,0.096,0.000,0.096,"019F"
2019/04/25,17:39:00,"YMQL22","MQ LOG","F2",0.000,0.000,0.000,0.000,0.000,0.000,"019F"
2019/04/25,17:39:00,"YMQL22","MQ LOG","A*",419.840,0.516,0.000,0.067,0.268,0.180,"019F"
2019/04/25,17:39:00,"YMQL22","MQ LOG","F*",0.007,0.192,0.000,0.096,0.000,0.096,"019F"
2019/04/25,17:39:00,"YMQL23","MQ LOG","*ALL",301.501,0.514,0.000,0.068,0.262,0.184,"019F"
2019/04/25,17:39:00,"YMQL23","MQ LOG","A1",0.000,0.000,0.000,0.000,0.000,0.000,"019F"
2019/04/25,17:39:00,"YMQL23","MQ LOG","A2",301.494,0.514,0.000,0.068,0.262,0.184,"019F"
2019/04/25,17:39:00,"YMQL23","MQ LOG","F1",0.007,0.192,0.000,0.096,0.000,0.096,"019F"
2019/04/25,17:39:00,"YMQL23","MQ LOG","F2",0.000,0.000,0.000,0.000,0.000,0.000,"019F"
2019/04/25,17:39:00,"YMQL23","MQ LOG","A*",301.494,0.514,0.000,0.068,0.262,0.184,"019F"
2019/04/25,17:39:00,"YMQL23","MQ LOG","F*",0.007,0.192,0.000,0.096,0.000,0.096,"019F"
2019/04/25,17:39:00,"YMQL24","MQ LOG","*ALL",299.001,0.509,0.000,0.067,0.265,0.177,"019F"
2019/04/25,17:39:00,"YMQL24","MQ LOG","A1",0.000,0.000,0.000,0.000,0.000,0.000,"019F"
2019/04/25,17:39:00,"YMQL24","MQ LOG","A2",298.994,0.509,0.000,0.067,0.265,0.177,"019F"
2019/04/25,17:39:00,"YMQL24","MQ LOG","F1",0.007,0.192,0.000,0.096,0.000,0.096,"019F"
2019/04/25,17:39:00,"YMQL24","MQ LOG","F2",0.000,0.000,0.000,0.000,0.000,0.000,"019F"
2019/04/25,17:39:00,"YMQL24","MQ LOG","A*",298.994,0.509,0.000,0.067,0.265,0.177,"019F"
2019/04/25,17:39:00,"YMQL24","MQ LOG","F*",0.007,0.192,0.000,0.096,0.000,0.096,"019F"
2019/04/25,17:39:00,"YMQP21","","*ALL",0.057,0.482,0.000,0.068,0.256,0.158,"019F"
2019/04/25,17:39:00,"YMQP21","","A1",0.000,0.000,0.000,0.000,0.000,0.000,"019F"
2019/04/25,17:39:00,"YMQP21","","A2",0.050,0.521,0.000,0.064,0.290,0.166,"019F"
2019/04/25,17:39:00,"YMQP21","","F1",0.007,0.192,0.000,0.096,0.000,0.096,"019F"
2019/04/25,17:39:00,"YMQP21","","F2",0.000,0.000,0.000,0.000,0.000,0.000,"019F"
2019/04/25,17:39:00,"YMQP21","","A*",0.050,0.521,0.000,0.064,0.290,0.166,"019F"
2019/04/25,17:39:00,"YMQP21","","F*",0.007,0.192,0.000,0.096,0.000,0.096,"019F"
2019/04/25,17:39:00,"YWAS21","","*ALL",0.083,0.481,0.000,0.061,0.259,0.161,"019F"
2019/04/25,17:39:00,"YWAS21","","A1",0.000,0.000,0.000,0.000,0.000,0.000,"019F"
2019/04/25,17:39:00,"YWAS21","","A2",0.077,0.506,0.000,0.058,0.281,0.167,"019F"
2019/04/25,17:39:00,"YWAS21","","F1",0.007,0.192,0.000,0.096,0.000,0.096,"019F"
2019/04/25,17:39:00,"YWAS21","","F2",0.000,0.000,0.000,0.000,0.000,0.000,"019F"
2019/04/25,17:39:00,"YWAS21","","A*",0.077,0.506,0.000,0.058,0.281,0.167,"019F"
2019/04/25,17:39:00,"YWAS21","","F*",0.007,0.192,0.000,0.096,0.000,0.096,"019F"
2019/04/25,17:39:00,"YDBL03","DB2 LOG","*ALL",375.182,0.536,0.000,0.070,0.269,0.198,"019F"
2019/04/25,17:39:00,"YDBL03","DB2 LOG","A1",375.175,0.536,0.000,0.070,0.269,0.198,"019F"
2019/04/25,17:39:00,"YDBL03","DB2 LOG","A2",0.000,0.000,0.000,0.000,0.000,0.000,"019F"
2019/04/25,17:39:00,"YDBL03","DB2 LOG","F1",0.007,0.224,0.000,0.128,0.000,0.096,"019F"
2019/04/25,17:39:00,"YDBL03","DB2 LOG","F2",0.000,0.000,0.000,0.000,0.000,0.000,"019F"
2019/04/25,17:39:00,"YDBL03","DB2 LOG","A*",375.175,0.536,0.000,0.070,0.269,0.198,"019F"
2019/04/25,17:39:00,"YDBL03","DB2 LOG","F*",0.007,0.224,0.000,0.128,0.000,0.096,"019F"
2019/04/25,17:39:00,"YDBL04","DB2 LOG","*ALL",460.818,0.543,0.000,0.070,0.274,0.199,"019F"
2019/04/25,17:39:00,"YDBL04","DB2 LOG","A1",460.812,0.543,0.000,0.070,0.274,0.199,"019F"
2019/04/25,17:39:00,"YDBL04","DB2 LOG","A2",0.000,0.000,0.000,0.000,0.000,0.000,"019F"
2019/04/25,17:39:00,"YDBL04","DB2 LOG","F1",0.007,0.224,0.000,0.096,0.000,0.128,"019F"
2019/04/25,17:39:00,"YDBL04","DB2 LOG","F2",0.000,0.000,0.000,0.000,0.000,0.000,"019F"
2019/04/25,17:39:00,"YDBL04","DB2 LOG","A*",460.812,0.543,0.000,0.070,0.274,0.199,"019F"
2019/04/25,17:39:00,"YDBL04","DB2 LOG","F*",0.007,0.224,0.000,0.096,0.000,0.128,"019F"
2019/04/25,17:39:00,"YDBL08","DB2 LOG","*ALL",488.545,0.527,0.000,0.069,0.256,0.202,"019F"
2019/04/25,17:39:00,"YDBL08","DB2 LOG","A1",0.000,0.000,0.000,0.000,0.000,0.000,"019F"
2019/04/25,17:39:00,"YDBL08","DB2 LOG","A2",488.538,0.527,0.000,0.069,0.256,0.202,"019F"
2019/04/25,17:39:00,"YDBL08","DB2 LOG","F1",0.007,0.192,0.000,0.096,0.000,0.096,"019F"
2019/04/25,17:39:00,"YDBL08","DB2 LOG","F2",0.000,0.000,0.000,0.000,0.000,0.000,"019F"
2019/04/25,17:39:00,"YDBL08","DB2 LOG","A*",488.538,0.527,0.000,0.069,0.256,0.202,"019F"
2019/04/25,17:39:00,"YDBL08","DB2 LOG","F*",0.007,0.192,0.000,0.096,0.000,0.096,"019F"
2019/04/25,17:39:00,"YDBL07","DB2 LOG","*ALL",392.152,0.553,0.000,0.070,0.261,0.223,"019F"
2019/04/25,17:39:00,"YDBL07","DB2 LOG","A1",0.000,0.000,0.000,0.000,0.000,0.000,"019F"
2019/04/25,17:39:00,"YDBL07","DB2 LOG","A2",392.145,0.553,0.000,0.070,0.261,0.223,"019F"
2019/04/25,17:39:00,"YDBL07","DB2 LOG","F1",0.007,0.192,0.000,0.096,0.000,0.096,"019F"
2019/04/25,17:39:00,"YDBL07","DB2 LOG","F2",0.000,0.000,0.000,0.000,0.000,0.000,"019F"
2019/04/25,17:39:00,"YDBL07","DB2 LOG","A*",392.145,0.553,0.000,0.070,0.261,0.223,"019F"
2019/04/25,17:39:00,"YDBL07","DB2 LOG","F*",0.007,0.192,0.000,0.096,0.000,0.096,"019F"
2019/04/25,17:39:00,"YDBA05","DB2 Arch","*ALL",23.683,1.372,0.000,0.072,0.531,0.769,"019F"
2019/04/25,17:39:00,"YDBA05","DB2 Arch","A1",11.862,1.277,0.000,0.071,0.464,0.742,"019F"
2019/04/25,17:39:00,"YDBA05","DB2 Arch","A2",11.782,1.472,0.000,0.073,0.601,0.799,"019F"
2019/04/25,17:39:00,"YDBA05","DB2 Arch","F1",0.023,0.183,0.000,0.101,0.000,0.082,"019F"
2019/04/25,17:39:00,"YDBA05","DB2 Arch","F2",0.017,0.192,0.000,0.115,0.000,0.077,"019F"
2019/04/25,17:39:00,"YDBA05","DB2 Arch","A*",23.644,1.374,0.000,0.072,0.532,0.770,"019F"
2019/04/25,17:39:00,"YDBA05","DB2 Arch","F*",0.040,0.187,0.000,0.107,0.000,0.080,"019F"
2019/04/25,17:39:00,"YDBA06","DB2 Arch","*ALL",23.443,1.240,0.000,0.070,0.414,0.755,"019F"
2019/04/25,17:39:00,"YDBA06","DB2 Arch","A1",0.017,0.179,0.000,0.115,0.000,0.064,"019F"
2019/04/25,17:39:00,"YDBA06","DB2 Arch","A2",23.387,1.242,0.000,0.070,0.415,0.757,"019F"
2019/04/25,17:39:00,"YDBA06","DB2 Arch","F1",0.023,0.210,0.000,0.128,0.000,0.082,"019F"
2019/04/25,17:39:00,"YDBA06","DB2 Arch","F2",0.017,0.192,0.000,0.115,0.000,0.077,"019F"
2019/04/25,17:39:00,"YDBA06","DB2 Arch","A*",23.404,1.241,0.000,0.070,0.415,0.756,"019F"
2019/04/25,17:39:00,"YDBA06","DB2 Arch","F*",0.040,0.202,0.000,0.122,0.000,0.080,"019F"
2019/04/25,17:39:00,"YDBA07","DB2 Arch","*ALL",23.523,1.257,0.000,0.072,0.412,0.773,"019F"
2019/04/25,17:39:00,"YDBA07","DB2 Arch","A1",23.387,1.261,0.000,0.072,0.414,0.775,"019F"
2019/04/25,17:39:00,"YDBA07","DB2 Arch","A2",0.097,0.750,0.000,0.084,0.230,0.437,"019F"
2019/04/25,17:39:00,"YDBA07","DB2 Arch","F1",0.023,0.192,0.000,0.110,0.000,0.082,"019F"
2019/04/25,17:39:00,"YDBA07","DB2 Arch","F2",0.017,0.218,0.000,0.128,0.000,0.090,"019F"
2019/04/25,17:39:00,"YDBA07","DB2 Arch","A*",23.484,1.259,0.000,0.072,0.413,0.774,"019F"
2019/04/25,17:39:00,"YDBA07","DB2 Arch","F*",0.040,0.203,0.000,0.118,0.000,0.085,"019F"
2019/04/25,17:39:00,"YDBA08","DB2 Arch","*ALL",0.233,0.656,0.000,0.091,0.198,0.367,"019F"
2019/04/25,17:39:00,"YDBA08","DB2 Arch","A1",0.097,0.682,0.000,0.082,0.212,0.388,"019F"
2019/04/25,17:39:00,"YDBA08","DB2 Arch","A2",0.097,0.812,0.000,0.086,0.267,0.459,"019F"
2019/04/25,17:39:00,"YDBA08","DB2 Arch","F1",0.023,0.229,0.000,0.128,0.000,0.101,"019F"
2019/04/25,17:39:00,"YDBA08","DB2 Arch","F2",0.017,0.192,0.000,0.115,0.000,0.077,"019F"
2019/04/25,17:39:00,"YDBA08","DB2 Arch","A*",0.194,0.747,0.000,0.084,0.240,0.424,"019F"
2019/04/25,17:39:00,"YDBA08","DB2 Arch","F*",0.040,0.213,0.000,0.122,0.000,0.091,"019F"
2019/04/25,17:39:00,"YDBU0B","DB2 DB","*ALL",290.202,0.835,0.000,0.069,0.456,0.309,"019F"
2019/04/25,17:39:00,"YDBU0B","DB2 DB","A1",148.158,0.818,0.000,0.069,0.442,0.307,"019F"
2019/04/25,17:39:00,"YDBU0B","DB2 DB","A2",142.005,0.852,0.000,0.069,0.471,0.312,"019F"
2019/04/25,17:39:00,"YDBU0B","DB2 DB","F1",0.023,0.210,0.000,0.119,0.000,0.091,"019F"
2019/04/25,17:39:00,"YDBU0B","DB2 DB","F2",0.017,0.230,0.000,0.141,0.000,0.090,"019F"
2019/04/25,17:39:00,"YDBU0B","DB2 DB","A*",290.163,0.835,0.000,0.069,0.456,0.309,"019F"
2019/04/25,17:39:00,"YDBU0B","DB2 DB","F*",0.040,0.219,0.000,0.128,0.000,0.091,"019F"
2019/04/25,17:39:00,"YDBU0C","DB2 DB","*ALL",0.073,0.207,0.000,0.122,0.000,0.084,"019F"
2019/04/25,17:39:00,"YDBU0C","DB2 DB","A1",0.017,0.179,0.000,0.115,0.000,0.064,"019F"
2019/04/25,17:39:00,"YDBU0C","DB2 DB","A2",0.017,0.192,0.000,0.115,0.000,0.077,"019F"
2019/04/25,17:39:00,"YDBU0C","DB2 DB","F1",0.023,0.192,0.000,0.110,0.000,0.082,"019F"
2019/04/25,17:39:00,"YDBU0C","DB2 DB","F2",0.017,0.269,0.000,0.154,0.000,0.115,"019F"
2019/04/25,17:39:00,"YDBU0C","DB2 DB","A*",0.034,0.186,0.000,0.115,0.000,0.071,"019F"
2019/04/25,17:39:00,"YDBU0C","DB2 DB","F*",0.040,0.225,0.000,0.129,0.000,0.096,"019F"
2019/04/25,17:39:00,"YDBU0D","DB2 DB","*ALL",14.295,2.450,0.000,0.080,1.458,0.912,"019F"
2019/04/25,17:39:00,"YDBU0D","DB2 DB","A1",7.157,2.218,0.000,0.079,1.290,0.849,"019F"
2019/04/25,17:39:00,"YDBU0D","DB2 DB","A2",7.098,2.696,0.000,0.081,1.636,0.979,"019F"
2019/04/25,17:39:00,"YDBU0D","DB2 DB","F1",0.023,0.183,0.000,0.110,0.000,0.073,"019F"
2019/04/25,17:39:00,"YDBU0D","DB2 DB","F2",0.017,0.205,0.000,0.128,0.000,0.077,"019F"
2019/04/25,17:39:00,"YDBU0D","DB2 DB","A*",14.255,2.456,0.000,0.080,1.462,0.914,"019F"
2019/04/25,17:39:00,"YDBU0D","DB2 DB","F*",0.040,0.192,0.000,0.118,0.000,0.075,"019F"
2019/04/25,17:39:00,"YDBU0E","DB2 DB","*ALL",0.580,15.62,0.000,0.115,10.29,5.216,"019F"
2019/04/25,17:39:00,"YDBU0E","DB2 DB","A1",0.433,20.60,0.000,0.123,13.71,6.763,"019F"
2019/04/25,17:39:00,"YDBU0E","DB2 DB","A2",0.107,1.192,0.000,0.078,0.262,0.852,"019F"
2019/04/25,17:39:00,"YDBU0E","DB2 DB","F1",0.023,0.174,0.000,0.101,0.000,0.073,"019F"
2019/04/25,17:39:00,"YDBU0E","DB2 DB","F2",0.017,0.282,0.000,0.179,0.000,0.102,"019F"
2019/04/25,17:39:00,"YDBU0E","DB2 DB","A*",0.540,16.754,0.000,0.114,11.045,5.592,"019F"
2019/04/25,17:39:00,"YDBU0E","DB2 DB","F*",0.040,0.220,0.000,0.134,0.000,0.085,"019F"
2019/04/25,17:39:00,"YDBU0F","DB2 DB","*ALL",0.105,4.041,0.000,0.112,2.767,1.162,"019F"
2019/04/25,17:39:00,"YDBU0F","DB2 DB","A1",0.018,0.652,0.000,0.105,0.477,0.070,"019F"
2019/04/25,17:39:00,"YDBU0F","DB2 DB","A2",0.047,8.667,0.000,0.110,6.039,2.519,"019F"
2019/04/25,17:39:00,"YDBU0F","DB2 DB","F1",0.023,0.183,0.000,0.110,0.000,0.073,"019F"
2019/04/25,17:39:00,"YDBU0F","DB2 DB","F2",0.017,0.218,0.000,0.128,0.000,0.090,"019F"
2019/04/25,17:39:00,"YDBU0F","DB2 DB","A*",0.065,6.447,0.000,0.109,4.499,1.841,"019F"
2019/04/25,17:39:00,"YDBU0F","DB2 DB","F*",0.040,0.198,0.000,0.118,0.000,0.080,"019F"
2019/04/25,17:39:00,"YDBU10","DB2 DB","*ALL",7.783,3.154,0.000,0.079,1.745,1.331,"019F"
2019/04/25,17:39:00,"YDBU10","DB2 DB","A1",3.132,2.557,0.000,0.078,1.383,1.096,"019F"
2019/04/25,17:39:00,"YDBU10","DB2 DB","A2",4.612,3.586,0.000,0.079,2.005,1.502,"019F"
2019/04/25,17:39:00,"YDBU10","DB2 DB","F1",0.023,0.201,0.000,0.119,0.000,0.082,"019F"
2019/04/25,17:39:00,"YDBU10","DB2 DB","F2",0.017,0.256,0.000,0.154,0.000,0.102,"019F"
2019/04/25,17:39:00,"YDBU10","DB2 DB","A*",7.744,3.170,0.000,0.079,1.753,1.338,"019F"
2019/04/25,17:39:00,"YDBU10","DB2 DB","F*",0.040,0.224,0.000,0.134,0.000,0.091,"019F"
2019/04/25,17:39:00,"YDBU11","DB2 DB","*ALL",9.793,12.37,0.000,0.100,7.589,4.684,"019F"
2019/04/25,17:39:00,"YDBU11","DB2 DB","A1",3.895,14.20,0.000,0.104,8.763,5.332,"019F"
2019/04/25,17:39:00,"YDBU11","DB2 DB","A2",5.858,11.24,0.000,0.096,6.860,4.286,"019F"
2019/04/25,17:39:00,"YDBU11","DB2 DB","F1",0.023,0.201,0.000,0.128,0.000,0.073,"019F"
2019/04/25,17:39:00,"YDBU11","DB2 DB","F2",0.017,0.243,0.000,0.154,0.000,0.090,"019F"
2019/04/25,17:39:00,"YDBU11","DB2 DB","A*",9.753,12.422,0.000,0.099,7.620,4.704,"019F"
2019/04/25,17:39:00,"YDBU11","DB2 DB","F*",0.040,0.219,0.000,0.139,0.000,0.080,"019F"
2019/04/25,17:39:00,"YDBU12","DB2 DB","*ALL",418.809,0.539,0.000,0.074,0.250,0.215,"019F"
2019/04/25,17:39:00,"YDBU12","DB2 DB","A1",200.788,0.504,0.000,0.074,0.228,0.202,"019F"
2019/04/25,17:39:00,"YDBU12","DB2 DB","A2",217.981,0.572,0.000,0.073,0.271,0.228,"019F"
2019/04/25,17:39:00,"YDBU12","DB2 DB","F1",0.023,0.192,0.000,0.101,0.000,0.091,"019F"
2019/04/25,17:39:00,"YDBU12","DB2 DB","F2",0.017,0.205,0.000,0.128,0.000,0.077,"019F"
2019/04/25,17:39:00,"YDBU12","DB2 DB","A*",418.769,0.539,0.000,0.073,0.250,0.216,"019F"
2019/04/25,17:39:00,"YDBU12","DB2 DB","F*",0.040,0.198,0.000,0.112,0.000,0.085,"019F"
2019/04/25,17:39:00,"YDBU13","DB2 DB","*ALL",9.128,11.62,0.000,0.098,7.181,4.338,"019F"
2019/04/25,17:39:00,"YDBU13","DB2 DB","A1",5.258,11.04,0.000,0.097,6.819,4.122,"019F"
2019/04/25,17:39:00,"YDBU13","DB2 DB","A2",3.830,12.53,0.000,0.100,7.752,4.680,"019F"
2019/04/25,17:39:00,"YDBU13","DB2 DB","F1",0.023,0.165,0.000,0.091,0.000,0.073,"019F"
2019/04/25,17:39:00,"YDBU13","DB2 DB","F2",0.017,0.307,0.000,0.205,0.000,0.102,"019F"
2019/04/25,17:39:00,"YDBU13","DB2 DB","A*",9.088,11.668,0.000,0.098,7.212,4.357,"019F"
2019/04/25,17:39:00,"YDBU13","DB2 DB","F*",0.040,0.225,0.000,0.139,0.000,0.085,"019F"
2019/04/25,17:39:00,"YDBU14","DB2 DB","*ALL",7.577,10.58,0.000,0.097,6.563,3.915,"019F"
2019/04/25,17:39:00,"YDBU14","DB2 DB","A1",4.092,9.523,0.000,0.094,5.871,3.558,"019F"
2019/04/25,17:39:00,"YDBU14","DB2 DB","A2",3.445,11.95,0.000,0.100,7.461,4.385,"019F"
2019/04/25,17:39:00,"YDBU14","DB2 DB","F1",0.023,0.174,0.000,0.101,0.000,0.073,"019F"
2019/04/25,17:39:00,"YDBU14","DB2 DB","F2",0.017,0.205,0.000,0.128,0.000,0.077,"019F"
2019/04/25,17:39:00,"YDBU14","DB2 DB","A*",7.537,10.632,0.000,0.097,6.598,3.936,"019F"
2019/04/25,17:39:00,"YDBU14","DB2 DB","F*",0.040,0.187,0.000,0.112,0.000,0.075,"019F"
2019/04/25,17:39:00,"YDBM01","MQ SMDS","*ALL",78.273,0.972,0.000,0.318,0.241,0.414,"019F"
2019/04/25,17:39:00,"YDBM01","MQ SMDS","A1",40.412,1.033,0.000,0.331,0.245,0.456,"019F"
2019/04/25,17:39:00,"YDBM01","MQ SMDS","A2",37.855,0.908,0.000,0.303,0.237,0.368,"019F"
2019/04/25,17:39:00,"YDBM01","MQ SMDS","F1",0.007,0.160,0.000,0.096,0.000,0.064,"019F"
2019/04/25,17:39:00,"YDBM01","MQ SMDS","F2",0.000,0.000,0.000,0.000,0.000,0.000,"019F"
2019/04/25,17:39:00,"YDBM01","MQ SMDS","A*",78.267,0.973,0.000,0.317,0.241,0.413,"019F"
2019/04/25,17:39:00,"YDBM01","MQ SMDS","F*",0.007,0.160,0.000,0.096,0.000,0.064,"019F"
2019/04/25,17:39:00,"YDBW02","","*ALL",0.007,0.192,0.000,0.096,0.000,0.096,"019F"
2019/04/25,17:39:00,"YDBW02","","A1",0.000,0.000,0.000,0.000,0.000,0.000,"019F"
2019/04/25,17:39:00,"YDBW02","","A2",0.000,0.000,0.000,0.000,0.000,0.000,"019F"
2019/04/25,17:39:00,"YDBW02","","F1",0.007,0.192,0.000,0.096,0.000,0.096,"019F"
2019/04/25,17:39:00,"YDBW02","","F2",0.000,0.000,0.000,0.000,0.000,0.000,"019F"
2019/04/25,17:39:00,"YDBW02","","A*",0.000,0.000,0.000,0.000,0.000,0.000,"019F"
2019/04/25,17:39:00,"YDBW02","","F*",0.007,0.192,0.000,0.096,0.000,0.096,"019F"
2019/04/25,17:39:00,"YDBT01","","*ALL",0.007,0.192,0.000,0.096,0.000,0.096,"019F"
2019/04/25,17:39:00,"YDBT01","","A1",0.000,0.000,0.000,0.000,0.000,0.000,"019F"
2019/04/25,17:39:00,"YDBT01","","A2",0.000,0.000,0.000,0.000,0.000,0.000,"019F"
2019/04/25,17:39:00,"YDBT01","","F1",0.007,0.192,0.000,0.096,0.000,0.096,"019F"
2019/04/25,17:39:00,"YDBT01","","F2",0.000,0.000,0.000,0.000,0.000,0.000,"019F"
2019/04/25,17:39:00,"YDBT01","","A*",0.000,0.000,0.000,0.000,0.000,0.000,"019F"
2019/04/25,17:39:00,"YDBT01","","F*",0.007,0.192,0.000,0.096,0.000,0.096,"019F"
2019/04/25,17:39:00,"YDBT02","","*ALL",0.007,0.192,0.000,0.096,0.000,0.096,"019F"
2019/04/25,17:39:00,"YDBT02","","A1",0.000,0.000,0.000,0.000,0.000,0.000,"019F"
2019/04/25,17:39:00,"YDBT02","","A2",0.000,0.000,0.000,0.000,0.000,0.000,"019F"
2019/04/25,17:39:00,"YDBT02","","F1",0.007,0.192,0.000,0.096,0.000,0.096,"019F"
2019/04/25,17:39:00,"YDBT02","","F2",0.000,0.000,0.000,0.000,0.000,0.000,"019F"
2019/04/25,17:39:00,"YDBT02","","A*",0.000,0.000,0.000,0.000,0.000,0.000,"019F"
2019/04/25,17:39:00,"YDBT02","","F*",0.007,0.192,0.000,0.096,0.000,0.096,"019F"
2019/04/25,17:39:00,"YDBT03","","*ALL",0.007,0.224,0.000,0.096,0.000,0.128,"019F"
2019/04/25,17:39:00,"YDBT03","","A1",0.000,0.000,0.000,0.000,0.000,0.000,"019F"
2019/04/25,17:39:00,"YDBT03","","A2",0.000,0.000,0.000,0.000,0.000,0.000,"019F"
2019/04/25,17:39:00,"YDBT03","","F1",0.007,0.224,0.000,0.096,0.000,0.128,"019F"
2019/04/25,17:39:00,"YDBT03","","F2",0.000,0.000,0.000,0.000,0.000,0.000,"019F"
2019/04/25,17:39:00,"YDBT03","","A*",0.000,0.000,0.000,0.000,0.000,0.000,"019F"
2019/04/25,17:39:00,"YDBT03","","F*",0.007,0.224,0.000,0.096,0.000,0.128,"019F"
2019/04/25,17:39:00,"YMQAC3","MQ Arch","*ALL",0.162,0.454,0.000,0.092,0.141,0.220,"019F"
2019/04/25,17:39:00,"YMQAC3","MQ Arch","A1",0.017,0.179,0.000,0.102,0.000,0.077,"019F"
2019/04/25,17:39:00,"YMQAC3","MQ Arch","A2",0.105,0.595,0.000,0.081,0.217,0.297,"019F"
2019/04/25,17:39:00,"YMQAC3","MQ Arch","F1",0.023,0.183,0.000,0.101,0.000,0.082,"019F"
2019/04/25,17:39:00,"YMQAC3","MQ Arch","F2",0.017,0.218,0.000,0.141,0.000,0.077,"019F"
2019/04/25,17:39:00,"YMQAC3","MQ Arch","A*",0.122,0.537,0.000,0.084,0.187,0.266,"019F"
2019/04/25,17:39:00,"YMQAC3","MQ Arch","F*",0.040,0.198,0.000,0.118,0.000,0.080,"019F"
2019/04/25,17:39:00,"YMQAC4","MQ Arch","*ALL",17.760,1.135,0.000,0.072,0.428,0.634,"019F"
2019/04/25,17:39:00,"YMQAC4","MQ Arch","A1",17.615,1.140,0.000,0.072,0.431,0.638,"019F"
2019/04/25,17:39:00,"YMQAC4","MQ Arch","A2",0.105,0.583,0.000,0.081,0.213,0.289,"019F"
2019/04/25,17:39:00,"YMQAC4","MQ Arch","F1",0.023,0.183,0.000,0.101,0.000,0.082,"019F"
2019/04/25,17:39:00,"YMQAC4","MQ Arch","F2",0.017,0.218,0.000,0.115,0.000,0.102,"019F"
2019/04/25,17:39:00,"YMQAC4","MQ Arch","A*",17.720,1.137,0.000,0.072,0.430,0.636,"019F"
2019/04/25,17:39:00,"YMQAC4","MQ Arch","F*",0.040,0.198,0.000,0.107,0.000,0.091,"019F"
2019/04/25,17:39:00,"YMBUR2","","*ALL",0.105,0.303,0.000,0.104,0.089,0.110,"019F"
2019/04/25,17:39:00,"YMBUR2","","A1",0.017,0.166,0.000,0.102,0.000,0.064,"019F"
2019/04/25,17:39:00,"YMBUR2","","A2",0.048,0.415,0.000,0.075,0.194,0.146,"019F"
2019/04/25,17:39:00,"YMBUR2","","F1",0.023,0.201,0.000,0.119,0.000,0.082,"019F"
2019/04/25,17:39:00,"YMBUR2","","F2",0.017,0.256,0.000,0.166,0.000,0.090,"019F"
2019/04/25,17:39:00,"YMBUR2","","A*",0.065,0.350,0.000,0.082,0.143,0.125,"019F"
2019/04/25,17:39:00,"YMBUR2","","F*",0.040,0.224,0.000,0.139,0.000,0.085,"019F"
2019/04/25,17:39:00,"YMBH02","","*ALL",0.073,0.483,0.000,0.070,0.244,0.169,"019F"
2019/04/25,17:39:00,"YMBH02","","A1",0.000,0.000,0.000,0.000,0.000,0.000,"019F"
2019/04/25,17:39:00,"YMBH02","","A2",0.067,0.509,0.000,0.067,0.269,0.173,"019F"
2019/04/25,17:39:00,"YMBH02","","F1",0.007,0.224,0.000,0.096,0.000,0.128,"019F"
2019/04/25,17:39:00,"YMBH02","","F2",0.000,0.000,0.000,0.000,0.000,0.000,"019F"
2019/04/25,17:39:00,"YMBH02","","A*",0.067,0.509,0.000,0.067,0.269,0.173,"019F"
2019/04/25,17:39:00,"YMBH02","","F*",0.007,0.224,0.000,0.096,0.000,0.128,"019F"
2019/04/25,17:39:00,"YMQSM1","","*ALL",0.072,0.202,0.000,0.122,0.000,0.080,"019F"
2019/04/25,17:39:00,"YMQSM1","","A1",0.015,0.199,0.000,0.128,0.000,0.071,"019F"
2019/04/25,17:39:00,"YMQSM1","","A2",0.017,0.166,0.000,0.102,0.000,0.064,"019F"
2019/04/25,17:39:00,"YMQSM1","","F1",0.023,0.229,0.000,0.137,0.000,0.091,"019F"
2019/04/25,17:39:00,"YMQSM1","","F2",0.017,0.205,0.000,0.115,0.000,0.090,"019F"
2019/04/25,17:39:00,"YMQSM1","","A*",0.032,0.181,0.000,0.114,0.000,0.067,"019F"
2019/04/25,17:39:00,"YMQSM1","","F*",0.040,0.219,0.000,0.128,0.000,0.091,"019F"
2019/04/25,17:39:00,"YMQSM2","","*ALL",0.073,0.183,0.000,0.108,0.000,0.076,"019F"
2019/04/25,17:39:00,"YMQSM2","","A1",0.017,0.179,0.000,0.115,0.000,0.064,"019F"
2019/04/25,17:39:00,"YMQSM2","","A2",0.017,0.166,0.000,0.102,0.000,0.064,"019F"
2019/04/25,17:39:00,"YMQSM2","","F1",0.023,0.183,0.000,0.101,0.000,0.082,"019F"
2019/04/25,17:39:00,"YMQSM2","","F2",0.017,0.205,0.000,0.115,0.000,0.090,"019F"
2019/04/25,17:39:00,"YMQSM2","","A*",0.034,0.173,0.000,0.109,0.000,0.064,"019F"
2019/04/25,17:39:00,"YMQSM2","","F*",0.040,0.192,0.000,0.107,0.000,0.085,"019F"
2019/04/25,17:39:00,"YMQSM3","","*ALL",0.072,0.193,0.000,0.113,0.000,0.080,"019F"
2019/04/25,17:39:00,"YMQSM3","","A1",0.015,0.199,0.000,0.114,0.000,0.085,"019F"
2019/04/25,17:39:00,"YMQSM3","","A2",0.017,0.192,0.000,0.115,0.000,0.077,"019F"
2019/04/25,17:39:00,"YMQSM3","","F1",0.023,0.192,0.000,0.110,0.000,0.082,"019F"
2019/04/25,17:39:00,"YMQSM3","","F2",0.017,0.192,0.000,0.115,0.000,0.077,"019F"
2019/04/25,17:39:00,"YMQSM3","","A*",0.032,0.195,0.000,0.115,0.000,0.081,"019F"
2019/04/25,17:39:00,"YMQSM3","","F*",0.040,0.192,0.000,0.112,0.000,0.080,"019F"
2019/04/25,17:39:00,"YMQSM4","","*ALL",0.073,0.207,0.000,0.122,0.000,0.084,"019F"
2019/04/25,17:39:00,"YMQSM4","","A1",0.017,0.192,0.000,0.115,0.000,0.077,"019F"
2019/04/25,17:39:00,"YMQSM4","","A2",0.017,0.192,0.000,0.128,0.000,0.064,"019F"
2019/04/25,17:39:00,"YMQSM4","","F1",0.023,0.201,0.000,0.110,0.000,0.091,"019F"
2019/04/25,17:39:00,"YMQSM4","","F2",0.017,0.243,0.000,0.141,0.000,0.102,"019F"
2019/04/25,17:39:00,"YMQSM4","","A*",0.034,0.192,0.000,0.122,0.000,0.071,"019F"
2019/04/25,17:39:00,"YMQSM4","","F*",0.040,0.219,0.000,0.123,0.000,0.096,"019F"
2019/04/25,17:39:00,"YGDU51","","*ALL",0.000,0.000,0.000,0.000,0.000,0.000,"019F"
2019/04/25,17:39:00,"YGDU51","","A1",0.000,0.000,0.000,0.000,0.000,0.000,"019F"
2019/04/25,17:39:00,"YGDU51","","A2",0.000,0.000,0.000,0.000,0.000,0.000,"019F"
2019/04/25,17:39:00,"YGDU51","","A*",0.000,0.000,0.000,0.000,0.000,0.000,"019F"
2019/04/25,17:39:00,"YGDU52","","*ALL",0.000,0.000,0.000,0.000,0.000,0.000,"019F"
2019/04/25,17:39:00,"YGDU52","","A1",0.000,0.000,0.000,0.000,0.000,0.000,"019F"
2019/04/25,17:39:00,"YGDU52","","A2",0.000,0.000,0.000,0.000,0.000,0.000,"019F"
2019/04/25,17:39:00,"YGDU52","","A*",0.000,0.000,0.000,0.000,0.000,0.000,"019F"
2019/04/25,17:39:00,"YGDU53","","*ALL",0.000,0.000,0.000,0.000,0.000,0.000,"019F"
2019/04/25,17:39:00,"YGDU53","","A1",0.000,0.000,0.000,0.000,0.000,0.000,"019F"
2019/04/25,17:39:00,"YGDU53","","A2",0.000,0.000,0.000,0.000,0.000,0.000,"019F"
2019/04/25,17:39:00,"YGDU53","","A*",0.000,0.000,0.000,0.000,0.000,0.000,"019F"
2019/04/25,17:39:00,"YGDU54","","*ALL",0.000,0.000,0.000,0.000,0.000,0.000,"019F"
2019/04/25,17:39:00,"YGDU54","","A1",0.000,0.000,0.000,0.000,0.000,0.000,"019F"
2019/04/25,17:39:00,"YGDU54","","A2",0.000,0.000,0.000,0.000,0.000,0.000,"019F"
2019/04/25,17:39:00,"YGDU54","","A*",0.000,0.000,0.000,0.000,0.000,0.000,"019F"
2019/04/25,17:39:00,"YGDU55","","*ALL",0.000,0.000,0.000,0.000,0.000,0.000,"019F"
2019/04/25,17:39:00,"YGDU55","","A1",0.000,0.000,0.000,0.000,0.000,0.000,"019F"
2019/04/25,17:39:00,"YGDU55","","A2",0.000,0.000,0.000,0.000,0.000,0.000,"019F"
2019/04/25,17:39:00,"YGDU55","","A*",0.000,0.000,0.000,0.000,0.000,0.000,"019F"
2019/04/25,17:39:00,"YGDU56","","*ALL",0.000,0.000,0.000,0.000,0.000,0.000,"019F"
2019/04/25,17:39:00,"YGDU56","","A1",0.000,0.000,0.000,0.000,0.000,0.000,"019F"
2019/04/25,17:39:00,"YGDU56","","A2",0.000,0.000,0.000,0.000,0.000,0.000,"019F"
2019/04/25,17:39:00,"YGDU56","","A*",0.000,0.000,0.000,0.000,0.000,0.000,"019F"
2019/04/25,17:39:00,"XXC1BF","","*ALL",0.007,0.160,0.000,0.064,0.000,0.096,"019F"
2019/04/25,17:39:00,"XXC1BF","","A1",0.000,0.000,0.000,0.000,0.000,0.000,"019F"
2019/04/25,17:39:00,"XXC1BF","","A2",0.000,0.000,0.000,0.000,0.000,0.000,"019F"
2019/04/25,17:39:00,"XXC1BF","","F1",0.007,0.160,0.000,0.064,0.000,0.096,"019F"
2019/04/25,17:39:00,"XXC1BF","","F2",0.000,0.000,0.000,0.000,0.000,0.000,"019F"
2019/04/25,17:39:00,"XXC1BF","","A*",0.000,0.000,0.000,0.000,0.000,0.000,"019F"
2019/04/25,17:39:00,"XXC1BF","","F*",0.007,0.160,0.000,0.064,0.000,0.096,"019F"
2019/04/25,17:39:00,"XXC1C0","","*ALL",0.007,0.192,0.000,0.096,0.000,0.096,"019F"
2019/04/25,17:39:00,"XXC1C0","","A1",0.000,0.000,0.000,0.000,0.000,0.000,"019F"
2019/04/25,17:39:00,"XXC1C0","","A2",0.000,0.000,0.000,0.000,0.000,0.000,"019F"
2019/04/25,17:39:00,"XXC1C0","","F1",0.007,0.192,0.000,0.096,0.000,0.096,"019F"
2019/04/25,17:39:00,"XXC1C0","","F2",0.000,0.000,0.000,0.000,0.000,0.000,"019F"
2019/04/25,17:39:00,"XXC1C0","","A*",0.000,0.000,0.000,0.000,0.000,0.000,"019F"
2019/04/25,17:39:00,"XXC1C0","","F*",0.007,0.192,0.000,0.096,0.000,0.096,"019F"
2019/04/25,17:39:00,"XXC1C1","","*ALL",0.007,0.160,0.000,0.064,0.000,0.096,"019F"
2019/04/25,17:39:00,"XXC1C1","","A1",0.000,0.000,0.000,0.000,0.000,0.000,"019F"
2019/04/25,17:39:00,"XXC1C1","","A2",0.000,0.000,0.000,0.000,0.000,0.000,"019F"
2019/04/25,17:39:00,"XXC1C1","","F1",0.007,0.160,0.000,0.064,0.000,0.096,"019F"
2019/04/25,17:39:00,"XXC1C1","","F2",0.000,0.000,0.000,0.000,0.000,0.000,"019F"
2019/04/25,17:39:00,"XXC1C1","","A*",0.000,0.000,0.000,0.000,0.000,0.000,"019F"
2019/04/25,17:39:00,"XXC1C1","","F*",0.007,0.160,0.000,0.064,0.000,0.096,"019F"
2019/04/25,17:39:00,"YDSA2C","SMF","*ALL",261.339,0.492,0.000,0.068,0.256,0.168,"019F"
2019/04/25,17:39:00,"YDSA2C","SMF","A1",0.000,0.000,0.000,0.000,0.000,0.000,"019F"
2019/04/25,17:39:00,"YDSA2C","SMF","A2",261.332,0.492,0.000,0.068,0.256,0.168,"019F"
2019/04/25,17:39:00,"YDSA2C","SMF","F1",0.007,0.192,0.000,0.096,0.000,0.096,"019F"
2019/04/25,17:39:00,"YDSA2C","SMF","F2",0.000,0.000,0.000,0.000,0.000,0.000,"019F"
2019/04/25,17:39:00,"YDSA2C","SMF","A*",261.332,0.492,0.000,0.068,0.256,0.168,"019F"
2019/04/25,17:39:00,"YDSA2C","SMF","F*",0.007,0.192,0.000,0.096,0.000,0.096,"019F"
2019/04/25,17:39:00,"*ALL","LCU(00A2)","A1",0.103,0.518,0.000,0.000,0.103,0.000,"00A2"
2019/04/25,17:39:00,"*ALL","LCU(00A2)","A2",0.113,0.497,0.000,0.000,0.105,0.000,"00A2"
2019/04/25,17:39:00,"*ALL","LCU(00A2)","F1",0.103,0.545,0.000,0.289,0.105,0.000,"00A2"
2019/04/25,17:39:00,"*ALL","LCU(00A2)","F2",0.103,0.531,0.000,0.384,0.105,0.000,"00A2"
2019/04/25,17:39:00,"*ALL","LCU(00A2)","*ALL",0.422,0.522,0.000,0.164,0.105,0.000,"00A2"
2019/04/25,17:39:00,"*ALL","LCU(016F)","A1",0.774,0.415,0.000,0.001,0.120,0.000,"016F"
2019/04/25,17:39:00,"*ALL","LCU(016F)","A2",0.767,0.420,0.000,0.000,0.123,0.000,"016F"
2019/04/25,17:39:00,"*ALL","LCU(016F)","F1",128.550,1.663,0.143,0.002,0.121,0.101,"016F"
2019/04/25,17:39:00,"*ALL","LCU(016F)","F2",8.144,0.376,0.000,0.033,0.125,0.000,"016F"
2019/04/25,17:39:00,"*ALL","LCU(016F)","*ALL",138.235,1.573,0.133,0.004,0.121,0.094,"016F"
2019/04/25,17:39:00,"*ALL","LCU(0170)","A1",0.492,1.037,0.000,0.000,0.130,0.000,"0170"
2019/04/25,17:39:00,"*ALL","LCU(0170)","A2",0.478,1.011,0.000,0.001,0.132,0.000,"0170"
2019/04/25,17:39:00,"*ALL","LCU(0170)","F1",0.472,0.982,0.000,0.051,0.138,0.000,"0170"
2019/04/25,17:39:00,"*ALL","LCU(0170)","F2",0.468,1.004,0.000,0.038,0.139,0.000,"0170"
2019/04/25,17:39:00,"*ALL","LCU(0170)","*ALL",1.910,1.009,0.000,0.022,0.135,0.000,"0170"
2019/04/25,17:39:00,"*ALL","LCU(019E)","A1",3159.478,0.587,0.000,0.000,0.116,0.273,"019E"
2019/04/25,17:39:00,"*ALL","LCU(019E)","A2",1018.341,0.596,0.000,0.000,0.070,0.291,"019E"
2019/04/25,17:39:00,"*ALL","LCU(019E)","F1",3.586,0.701,0.000,0.013,0.118,0.002,"019E"
2019/04/25,17:39:00,"*ALL","LCU(019E)","F2",2.363,0.608,0.000,0.054,0.145,0.021,"019E"
2019/04/25,17:39:00,"*ALL","LCU(019E)","*ALL",4183.768,0.590,0.000,0.000,0.105,0.277,"019E"
2019/04/25,17:39:00,"*ALL","LCU(019F)","A1",1317.586,0.737,0.000,0.000,0.079,0.370,"019F"
2019/04/25,17:39:00,"*ALL","LCU(019F)","A2",3432.696,0.637,0.000,0.000,0.110,0.307,"019F"
2019/04/25,17:39:00,"*ALL","LCU(019F)","F1",0.837,0.242,0.000,0.137,0.107,0.000,"019F"
2019/04/25,17:39:00,"*ALL","LCU(019F)","F2",0.491,0.300,0.000,0.092,0.131,0.000,"019F"
2019/04/25,17:39:00,"*ALL","LCU(019F)","*ALL",4751.610,0.665,0.000,0.000,0.101,0.324,"019F"
2019/04/25,17:39:00,"*ALL","LOGGER","*ALL",792.394,0.850,0.000,0.422,0.280,0.149
2019/04/25,17:39:00,"*ALL","DB2 LOG","*ALL",3432.086,0.538,0.000,0.070,0.264,0.205
2019/04/25,17:39:00,"*ALL","MQ LOG","*ALL",2925.401,0.513,0.000,0.068,0.262,0.183
2019/04/25,17:39:00,"*ALL","SMF","*ALL",493.710,0.490,0.000,0.070,0.250,0.170
2019/04/25,17:39:00,"*ALL","DB2 DB","*ALL",996.102,1.045,0.000,0.072,0.581,0.391
2019/04/25,17:39:00,"*ALL","CDS","*ALL",11.713,0.738,0.000,0.132,0.006,0.599
2019/04/25,17:39:00,"*ALL","ZFS","*ALL",0.000,0.000,0.000,0.000,0.000,0.000
2019/04/25,17:39:00,"*ALL","DB2 Arch","*ALL",141.874,1.290,0.000,0.072,0.457,0.762
2019/04/25,17:39:00,"*ALL","MQ Arch","*ALL",53.354,1.016,0.000,0.071,0.350,0.595
2019/04/25,17:39:00,"*ALL","MQ SMDS","*ALL",78.273,0.972,0.000,0.318,0.241,0.414
2019/04/25,17:39:00,"*ALL","DB2 MQ TBL","*ALL",78.273,0.972,0.000,0.318,0.241,0.414
2019/04/25,17:39:00,"*ALL","DB2 Cat","*ALL",0.332,7.392,0.000,0.096,4.987,2.309
2019/04/25,17:39:00,"*ALL","XRC SC AA","*ALL",755.760,0.509,0.000,0.068,0.253,0.187
2019/04/25,17:39:00,"*ALL","XRC SC AB","*ALL",732.321,0.509,0.000,0.068,0.262,0.180
2019/04/25,17:39:00,"*ALL","LOBTSPACE","*ALL",0.000,0.000,0.000,0.000,0.000,0.000
2019/04/25,17:39:00,"*ALL","*OTHER","*ALL",142.780,1.520,0.128,0.117,0.093,1.182
2019/04/25,17:39:00,"*ALL","*ALL","*ALL",9075.895,0.644,0.002,0.103,0.299,0.240
