"Integration Node (broker)","Ver","integration node UUID (broker UUID)","Integration server (ex.grp)","message flow","StartDate","StartTime","EndDate","EndTime","Tot.msgs","Tot.Elapse","max.elapse","min.elapse","total.cp","max.cp","min.cp","cp.wait","elapse.wait","total.msgsize","max.msgsize","min.msgsize"
"MBMQH1","0002","7bbd0a24-ea7b-11e5-8afd-09bcd8f20000","MBEG101","cmdoltp.CMD_OLTP_REQ",2019-04-25,17:39,2019-04-25,17:40,4296,73.919303,0.082977,0.007816,13.952540,0.014392,0.001869,0.532035,347.371461,61306210,100910,4412
"MBMQH1","0002","7bbd0a24-ea7b-11e5-8afd-09bcd8f20000","MBEG101","cmdoltp.CMD_OLTP_RES",2019-04-25,17:39,2019-04-25,17:40,4278,78.345600,0.060753,0.008133,17.914006,0.018280,0.002515,0.941460,1836.700247,8261055,2073,1867
"MBMQH1","0002","7bbd0a24-ea7b-11e5-8afd-09bcd8f20000","MBEG701","TCAZ_SQLRATE_EG701",2019-04-25,17:39,2019-04-25,17:40,5162,49.743681,0.117799,0.005529,21.627210,0.006418,0.002980,5.807901,2352.828806,2147392,416,416
"MBMQH1","0002","7bbd0a24-ea7b-11e5-8afd-09bcd8f20000","MBEG201","TCAZ_SQLRATE_EG201",2019-04-25,17:39,2019-04-25,17:40,2867,31.558583,0.106251,0.005418,11.847848,0.006546,0.002913,0.498328,207.868943,1192672,416,416
"MBMQH1","0002","7bbd0a24-ea7b-11e5-8afd-09bcd8f20000","MBEG201","cmdex.CMD_OLTP_EX",2019-04-25,17:39,2019-04-25,17:40,7128,380.480713,4.939587,0.011721,26.143232,2.055279,0.002553,0.571391,1758.555640,14926920,2095,1889
"MBMQH1","0002","7bbd0a24-ea7b-11e5-8afd-09bcd8f20000","MBEG101","cmdoltp.CMD_OLTP_REQ",2019-04-25,17:40,2019-04-25,17:41,4188,81.515831,0.084918,0.008074,13.864238,0.012519,0.001789,0.495683,336.420345,61015294,100910,4412
"MBMQH1","0002","7bbd0a24-ea7b-11e5-8afd-09bcd8f20000","MBEG101","cmdoltp.CMD_OLTP_RES",2019-04-25,17:40,2019-04-25,17:41,4352,87.259925,0.067539,0.008362,18.172238,0.016149,0.002467,0.930958,1837.274578,8400420,2073,1867
"MBMQH1","0002","7bbd0a24-ea7b-11e5-8afd-09bcd8f20000","MBEG201","TCAZ_SQLRATE_EG201",2019-04-25,17:40,2019-04-25,17:41,2851,32.249327,0.150080,0.005423,11.808060,0.009008,0.002904,0.489661,201.470117,1186016,416,416
"MBMQH1","0002","7bbd0a24-ea7b-11e5-8afd-09bcd8f20000","MBEG201","cmdex.CMD_OLTP_EX",2019-04-25,17:40,2019-04-25,17:41,6961,372.902600,0.195029,0.012424,23.546227,0.005736,0.002551,0.561546,1736.200155,14577399,2095,2093
"MBMQH1","0002","7bbd0a24-ea7b-11e5-8afd-09bcd8f20000","MBEG701","TCAZ_SQLRATE_EG701",2019-04-25,17:40,2019-04-25,17:41,5350,53.121140,0.108925,0.005536,22.498014,0.009544,0.003058,5.704642,2353.445482,2225600,416,416
"MBMQH1","0002","7bbd0a24-ea7b-11e5-8afd-09bcd8f20000","MBEG101","cmdoltp.CMD_OLTP_REQ",2019-04-25,17:41,2019-04-25,17:42,4160,87.774873,0.149267,0.007842,13.843982,0.013150,0.001772,0.501130,331.827460,61654266,100910,4412
"MBMQH1","0002","7bbd0a24-ea7b-11e5-8afd-09bcd8f20000","MBEG101","cmdoltp.CMD_OLTP_RES",2019-04-25,17:41,2019-04-25,17:42,4317,80.405546,0.059589,0.008388,17.926627,0.014423,0.002461,1.072687,1853.984385,8333983,2073,1867
"MBMQH1","0002","7bbd0a24-ea7b-11e5-8afd-09bcd8f20000","MBEG701","TCAZ_SQLRATE_EG701",2019-04-25,17:41,2019-04-25,17:42,5370,52.146171,0.116394,0.005545,22.510388,0.007860,0.003003,5.739935,2331.036612,2233920,416,416
"MBMQH1","0002","7bbd0a24-ea7b-11e5-8afd-09bcd8f20000","MBEG201","TCAZ_SQLRATE_EG201",2019-04-25,17:41,2019-04-25,17:42,2954,33.800837,0.144661,0.005451,12.244489,0.006735,0.002914,0.503816,206.140455,1228864,416,416
"MBMQH1","0002","7bbd0a24-ea7b-11e5-8afd-09bcd8f20000","MBEG201","cmdex.CMD_OLTP_EX",2019-04-25,17:41,2019-04-25,17:42,7437,396.305983,5.019907,0.010615,27.159755,2.124216,0.002644,0.596253,1732.897228,15574073,2095,1891
"MBMQH1","0002","7bbd0a24-ea7b-11e5-8afd-09bcd8f20000","MBEG101","cmdoltp.CMD_OLTP_REQ",2019-04-25,17:42,2019-04-25,17:43,4237,90.327003,0.181972,0.008036,14.114227,0.011995,0.001802,0.480889,329.138432,61232100,100910,4412
"MBMQH1","0002","7bbd0a24-ea7b-11e5-8afd-09bcd8f20000","MBEG101","cmdoltp.CMD_OLTP_RES",2019-04-25,17:42,2019-04-25,17:43,4387,80.471489,0.061192,0.008982,18.263506,0.014868,0.002430,1.066456,1820.852957,8471741,2073,1867
"MBMQH1","0002","7bbd0a24-ea7b-11e5-8afd-09bcd8f20000","MBEG701","TCAZ_SQLRATE_EG701",2019-04-25,17:42,2019-04-25,17:43,5426,51.789321,0.142363,0.005575,22.669000,0.007653,0.002982,5.893929,2354.596037,2257216,416,416
"MBMQH1","0002","7bbd0a24-ea7b-11e5-8afd-09bcd8f20000","MBEG201","TCAZ_SQLRATE_EG201",2019-04-25,17:42,2019-04-25,17:43,2928,31.541808,0.107964,0.005515,12.067221,0.006273,0.002944,0.497693,205.617660,1218048,416,416
"MBMQH1","0002","7bbd0a24-ea7b-11e5-8afd-09bcd8f20000","MBEG201","cmdex.CMD_OLTP_EX",2019-04-25,17:42,2019-04-25,17:43,7263,378.378945,4.928234,0.013393,26.550782,2.079488,0.002662,0.576967,1783.308936,15209477,2095,1889
"MBMQH1","0002","7bbd0a24-ea7b-11e5-8afd-09bcd8f20000","MBEG101","cmdoltp.CMD_OLTP_REQ",2019-04-25,17:43,2019-04-25,17:44,4240,91.258438,0.137872,0.008004,14.133766,0.012161,0.001844,0.485068,328.117453,61441216,100910,4412
"MBMQH1","0002","7bbd0a24-ea7b-11e5-8afd-09bcd8f20000","MBEG101","cmdoltp.CMD_OLTP_RES",2019-04-25,17:43,2019-04-25,17:44,4178,79.881741,0.067548,0.008145,17.560831,0.014998,0.002477,1.072364,1851.039005,8075558,2073,1867
"MBMQH1","0002","7bbd0a24-ea7b-11e5-8afd-09bcd8f20000","MBEG201","TCAZ_SQLRATE_EG201",2019-04-25,17:43,2019-04-25,17:44,2787,31.716630,0.121497,0.005521,11.527846,0.006568,0.002976,0.488583,203.600748,1159392,416,416
"MBMQH1","0002","7bbd0a24-ea7b-11e5-8afd-09bcd8f20000","MBEG201","cmdex.CMD_OLTP_EX",2019-04-25,17:43,2019-04-25,17:44,7012,380.256509,5.041347,0.011542,25.678592,2.048899,0.002564,0.562261,1730.306824,14684174,2095,1889
"MBMQH1","0002","7bbd0a24-ea7b-11e5-8afd-09bcd8f20000","MBEG701","TCAZ_SQLRATE_EG701",2019-04-25,17:43,2019-04-25,17:44,5341,52.711845,0.112861,0.005564,22.398217,0.008799,0.002985,5.786389,2355.563620,2221856,416,416
"MBMQH1","0002","7bbd0a24-ea7b-11e5-8afd-09bcd8f20000","MBEG101","cmdoltp.CMD_OLTP_REQ",2019-04-25,17:44,2019-04-25,17:45,4260,85.459836,0.213502,0.007510,14.205853,0.011596,0.001810,0.497613,336.159932,63362506,100910,4412
"MBMQH1","0002","7bbd0a24-ea7b-11e5-8afd-09bcd8f20000","MBEG101","cmdoltp.CMD_OLTP_RES",2019-04-25,17:44,2019-04-25,17:45,4376,80.557051,0.079248,0.008133,18.271511,0.014826,0.002529,1.048161,1841.265872,8452703,2073,1867
"MBMQH1","0002","7bbd0a24-ea7b-11e5-8afd-09bcd8f20000","MBEG701","TCAZ_SQLRATE_EG701",2019-04-25,17:44,2019-04-25,17:45,5345,50.309100,0.105588,0.005532,22.365575,0.006821,0.003047,5.748716,2330.805453,2223520,416,416
"MBMQH1","0002","7bbd0a24-ea7b-11e5-8afd-09bcd8f20000","MBEG201","TCAZ_SQLRATE_EG201",2019-04-25,17:44,2019-04-25,17:45,2926,31.259821,0.100506,0.005510,12.001437,0.006939,0.002877,0.492282,205.906156,1217216,416,416
"MBMQH1","0002","7bbd0a24-ea7b-11e5-8afd-09bcd8f20000","MBEG201","cmdex.CMD_OLTP_EX",2019-04-25,17:44,2019-04-25,17:45,7167,380.636618,4.997774,0.009371,26.181160,2.102180,0.002609,0.568516,1761.306545,15008331,2095,1889
"MBMQH1","0002","7bbd0a24-ea7b-11e5-8afd-09bcd8f20000","MBEG101","cmdoltp.CMD_OLTP_REQ",2019-04-25,17:45,2019-04-25,17:46,4133,93.393046,0.208302,0.007398,14.010727,0.013849,0.001852,0.477311,324.346213,62504448,100910,4412
"MBMQH1","0002","7bbd0a24-ea7b-11e5-8afd-09bcd8f20000","MBEG101","cmdoltp.CMD_OLTP_RES",2019-04-25,17:45,2019-04-25,17:46,4375,79.840849,0.072400,0.008628,18.225262,0.014582,0.002491,1.032594,1824.656640,8442316,2073,1867
"MBMQH1","0002","7bbd0a24-ea7b-11e5-8afd-09bcd8f20000","MBEG701","TCAZ_SQLRATE_EG701",2019-04-25,17:45,2019-04-25,17:46,5584,50.998665,0.096715,0.005503,23.386178,0.007051,0.003051,5.853760,2355.106600,2322944,416,416
"MBMQH1","0002","7bbd0a24-ea7b-11e5-8afd-09bcd8f20000","MBEG201","TCAZ_SQLRATE_EG201",2019-04-25,17:45,2019-04-25,17:46,3161,31.855816,0.089169,0.005419,12.996326,0.006725,0.003030,0.516296,205.721733,1314976,416,416
"MBMQH1","0002","7bbd0a24-ea7b-11e5-8afd-09bcd8f20000","MBEG201","cmdex.CMD_OLTP_EX",2019-04-25,17:45,2019-04-25,17:46,7322,419.619339,0.394298,0.012917,24.649499,0.005944,0.002563,0.578745,1733.891568,15333292,2095,2093
"MBMQH1","0002","7bbd0a24-ea7b-11e5-8afd-09bcd8f20000","MBEG101","cmdoltp.CMD_OLTP_REQ",2019-04-25,17:46,2019-04-25,17:47,4222,90.541132,0.196314,0.008484,13.999612,0.012498,0.001789,0.490582,330.413772,59525248,100910,4412
"MBMQH1","0002","7bbd0a24-ea7b-11e5-8afd-09bcd8f20000","MBEG101","cmdoltp.CMD_OLTP_RES",2019-04-25,17:46,2019-04-25,17:47,4283,83.573925,0.202879,0.008419,17.941374,0.015770,0.002537,1.064800,1863.399930,8281055,2073,1867
"MBMQH1","0002","7bbd0a24-ea7b-11e5-8afd-09bcd8f20000","MBEG701","TCAZ_SQLRATE_EG701",2019-04-25,17:46,2019-04-25,17:47,5437,52.682058,0.135747,0.005535,22.905185,0.006769,0.003062,5.663269,2344.247557,2261792,416,416
"MBMQH1","0002","7bbd0a24-ea7b-11e5-8afd-09bcd8f20000","MBEG201","TCAZ_SQLRATE_EG201",2019-04-25,17:46,2019-04-25,17:47,3011,30.499580,0.104387,0.005470,12.413993,0.006654,0.002836,0.515302,208.326958,1252576,416,416
"MBMQH1","0002","7bbd0a24-ea7b-11e5-8afd-09bcd8f20000","MBEG201","cmdex.CMD_OLTP_EX",2019-04-25,17:46,2019-04-25,17:47,7470,432.470336,6.132699,0.012567,26.919926,2.102307,0.002525,0.592933,1723.597977,15643108,2095,1889
"MBMQH1","0002","7bbd0a24-ea7b-11e5-8afd-09bcd8f20000","MBEG101","cmdoltp.CMD_OLTP_REQ",2019-04-25,17:47,2019-04-25,17:48,4105,94.897654,0.343125,0.007575,13.741625,0.015255,0.001889,0.456432,321.763902,60064342,100910,4412
"MBMQH1","0002","7bbd0a24-ea7b-11e5-8afd-09bcd8f20000","MBEG101","cmdoltp.CMD_OLTP_RES",2019-04-25,17:47,2019-04-25,17:48,4499,83.659232,0.205424,0.008708,18.667069,0.013611,0.002435,1.023973,1818.457192,8671504,2073,1867
"MBMQH1","0002","7bbd0a24-ea7b-11e5-8afd-09bcd8f20000","MBEG201","TCAZ_SQLRATE_EG201",2019-04-25,17:47,2019-04-25,17:48,2916,29.763578,0.122966,0.005439,12.098875,0.006589,0.003079,0.497366,203.920338,1213056,416,416
"MBMQH1","0002","7bbd0a24-ea7b-11e5-8afd-09bcd8f20000","MBEG201","cmdex.CMD_OLTP_EX",2019-04-25,17:47,2019-04-25,17:48,7050,394.784799,0.204103,0.012923,23.569536,0.005697,0.002530,0.559481,1717.564022,14763238,2095,2093
"MBMQH1","0002","7bbd0a24-ea7b-11e5-8afd-09bcd8f20000","MBEG701","TCAZ_SQLRATE_EG701",2019-04-25,17:47,2019-04-25,17:48,5495,50.678692,0.136157,0.005509,23.146519,0.008566,0.003186,5.800788,2358.186035,2285920,416,416
"MBMQH1","0002","7bbd0a24-ea7b-11e5-8afd-09bcd8f20000","MBEG101","cmdoltp.CMD_OLTP_REQ",2019-04-25,17:48,2019-04-25,17:49,4186,89.229259,0.253121,0.007557,14.085538,0.016817,0.001861,0.496544,328.475243,60332220,100910,4412
"MBMQH1","0002","7bbd0a24-ea7b-11e5-8afd-09bcd8f20000","MBEG101","cmdoltp.CMD_OLTP_RES",2019-04-25,17:48,2019-04-25,17:49,4300,82.324807,0.184326,0.008879,18.163156,0.013712,0.002490,1.069274,1846.431183,8304798,2073,1867
"MBMQH1","0002","7bbd0a24-ea7b-11e5-8afd-09bcd8f20000","MBEG201","TCAZ_SQLRATE_EG201",2019-04-25,17:48,2019-04-25,17:49,2964,32.727325,0.103051,0.005486,12.318817,0.008987,0.002945,0.501267,206.883435,1233024,416,416
"MBMQH1","0002","7bbd0a24-ea7b-11e5-8afd-09bcd8f20000","MBEG201","cmdex.CMD_OLTP_EX",2019-04-25,17:48,2019-04-25,17:49,7140,431.427365,0.194074,0.013589,23.949923,0.006554,0.002571,0.567158,1702.467716,14952302,2095,2093
"MBMQH1","0002","7bbd0a24-ea7b-11e5-8afd-09bcd8f20000","MBEG701","TCAZ_SQLRATE_EG701",2019-04-25,17:48,2019-04-25,17:49,5299,51.904564,0.144656,0.005570,22.372385,0.009633,0.002975,5.701200,2309.035550,2204384,416,416
"MBMQH2","0002","42b2c25a-eaa8-11e5-9d31-09bcd8f30000","MBEG101","cmdoltp.CMD_OLTP_REQ",2019-04-25,17:39,2019-04-25,17:40,4186,73.102687,0.095652,0.008294,13.783844,0.014009,0.001841,0.561688,350.658159,56953142,100910,4412
"MBMQH2","0002","42b2c25a-eaa8-11e5-9d31-09bcd8f30000","MBEG101","cmdoltp.CMD_OLTP_RES",2019-04-25,17:39,2019-04-25,17:40,4120,74.748593,0.054153,0.008487,17.778846,0.014310,0.002538,1.014160,1876.220705,7969230,2073,1867
"MBMQH2","0002","42b2c25a-eaa8-11e5-9d31-09bcd8f30000","MBEG701","TCAZ_SQLRATE_EG701",2019-04-25,17:39,2019-04-25,17:40,5951,59.573565,0.131828,0.005602,25.379052,0.006950,0.002955,6.729030,2317.266124,2475616,416,416
"MBMQH2","0002","42b2c25a-eaa8-11e5-9d31-09bcd8f30000","MBEG201","TCAZ_SQLRATE_EG201",2019-04-25,17:39,2019-04-25,17:40,2709,30.170592,0.125661,0.005525,11.408160,0.006580,0.002891,0.522061,202.923248,1126944,416,416
"MBMQH2","0002","42b2c25a-eaa8-11e5-9d31-09bcd8f30000","MBEG201","cmdex.CMD_OLTP_EX",2019-04-25,17:39,2019-04-25,17:40,6148,347.479520,0.197471,0.012790,21.410773,0.005658,0.002653,0.531953,1765.536839,12874410,2095,2093
"MBMQH2","0002","42b2c25a-eaa8-11e5-9d31-09bcd8f30000","MBEG101","cmdoltp.CMD_OLTP_REQ",2019-04-25,17:40,2019-04-25,17:41,4248,83.722664,0.086874,0.007262,14.015168,0.012011,0.001816,0.538399,336.845807,57518240,100910,4412
"MBMQH2","0002","42b2c25a-eaa8-11e5-9d31-09bcd8f30000","MBEG101","cmdoltp.CMD_OLTP_RES",2019-04-25,17:40,2019-04-25,17:41,4101,83.904015,0.071434,0.008705,17.806094,0.016768,0.002593,1.062028,1841.140224,7920642,2073,1867
"MBMQH2","0002","42b2c25a-eaa8-11e5-9d31-09bcd8f30000","MBEG201","TCAZ_SQLRATE_EG201",2019-04-25,17:40,2019-04-25,17:41,2814,33.353754,0.171556,0.005566,11.761813,0.007426,0.002973,0.532578,206.176508,1170624,416,416
"MBMQH2","0002","42b2c25a-eaa8-11e5-9d31-09bcd8f30000","MBEG201","cmdex.CMD_OLTP_EX",2019-04-25,17:40,2019-04-25,17:41,6099,372.729245,5.434283,0.010873,23.359725,2.039240,0.002680,0.552729,1793.376178,12771851,2095,1889
"MBMQH2","0002","42b2c25a-eaa8-11e5-9d31-09bcd8f30000","MBEG701","TCAZ_SQLRATE_EG701",2019-04-25,17:40,2019-04-25,17:41,5972,64.051031,0.187118,0.005539,25.377323,0.007345,0.002857,6.640123,2342.338954,2484352,416,416
"MBMQH2","0002","42b2c25a-eaa8-11e5-9d31-09bcd8f30000","MBEG101","cmdoltp.CMD_OLTP_REQ",2019-04-25,17:41,2019-04-25,17:42,4153,80.015475,0.124831,0.007722,13.960418,0.014077,0.001853,0.546822,334.272913,56524026,100910,4412
"MBMQH2","0002","42b2c25a-eaa8-11e5-9d31-09bcd8f30000","MBEG101","cmdoltp.CMD_OLTP_RES",2019-04-25,17:41,2019-04-25,17:42,4008,73.082433,0.064878,0.008764,17.468592,0.014643,0.002515,1.152874,1842.292516,7748731,2073,1867
"MBMQH2","0002","42b2c25a-eaa8-11e5-9d31-09bcd8f30000","MBEG201","TCAZ_SQLRATE_EG201",2019-04-25,17:41,2019-04-25,17:42,2664,32.095700,0.178752,0.005509,11.291605,0.006875,0.002738,0.502801,200.650809,1108224,416,416
"MBMQH2","0002","42b2c25a-eaa8-11e5-9d31-09bcd8f30000","MBEG201","cmdex.CMD_OLTP_EX",2019-04-25,17:41,2019-04-25,17:42,5692,353.972903,0.246280,0.011705,20.053492,0.006425,0.002668,0.509995,1747.199460,11919998,2095,2093
"MBMQH2","0002","42b2c25a-eaa8-11e5-9d31-09bcd8f30000","MBEG701","TCAZ_SQLRATE_EG701",2019-04-25,17:41,2019-04-25,17:42,5795,62.137343,0.168211,0.005584,24.905526,0.007233,0.002903,6.585865,2331.203857,2410720,416,416
"MBMQH2","0002","42b2c25a-eaa8-11e5-9d31-09bcd8f30000","MBEG101","cmdoltp.CMD_OLTP_REQ",2019-04-25,17:42,2019-04-25,17:43,4186,87.577804,0.102611,0.008217,14.180990,0.014034,0.001860,0.528591,332.590229,58110088,100910,4412
"MBMQH2","0002","42b2c25a-eaa8-11e5-9d31-09bcd8f30000","MBEG101","cmdoltp.CMD_OLTP_RES",2019-04-25,17:42,2019-04-25,17:43,4143,75.669838,0.062398,0.008296,18.068993,0.015116,0.002457,1.144293,1851.503766,8000716,2073,1867
"MBMQH2","0002","42b2c25a-eaa8-11e5-9d31-09bcd8f30000","MBEG701","TCAZ_SQLRATE_EG701",2019-04-25,17:42,2019-04-25,17:43,5967,58.482338,0.156193,0.005547,25.459167,0.007223,0.003177,6.794946,2310.125636,2482272,416,416
"MBMQH2","0002","42b2c25a-eaa8-11e5-9d31-09bcd8f30000","MBEG201","TCAZ_SQLRATE_EG201",2019-04-25,17:42,2019-04-25,17:43,2839,32.949292,0.147912,0.005450,12.008364,0.006521,0.003066,0.531772,204.999267,1181024,416,416
"MBMQH2","0002","42b2c25a-eaa8-11e5-9d31-09bcd8f30000","MBEG201","cmdex.CMD_OLTP_EX",2019-04-25,17:42,2019-04-25,17:43,6176,355.266988,0.176668,0.012420,21.515192,0.006286,0.002633,0.536583,1765.690975,12933262,2095,2093
"MBMQH2","0002","42b2c25a-eaa8-11e5-9d31-09bcd8f30000","MBEG101","cmdoltp.CMD_OLTP_REQ",2019-04-25,17:43,2019-04-25,17:44,4134,85.004880,0.131776,0.008154,13.838149,0.013105,0.001721,0.521280,333.605408,57204148,100910,4412
"MBMQH2","0002","42b2c25a-eaa8-11e5-9d31-09bcd8f30000","MBEG101","cmdoltp.CMD_OLTP_RES",2019-04-25,17:43,2019-04-25,17:44,4187,79.408333,0.070025,0.008650,18.127902,0.015134,0.002488,1.126757,1848.492101,8081465,2073,1867
"MBMQH2","0002","42b2c25a-eaa8-11e5-9d31-09bcd8f30000","MBEG701","TCAZ_SQLRATE_EG701",2019-04-25,17:43,2019-04-25,17:44,5926,64.832773,0.202160,0.005610,25.475850,0.007779,0.003010,6.527527,2357.247101,2465216,416,416
"MBMQH2","0002","42b2c25a-eaa8-11e5-9d31-09bcd8f30000","MBEG201","TCAZ_SQLRATE_EG201",2019-04-25,17:43,2019-04-25,17:44,2809,32.763118,0.247649,0.005544,11.847889,0.007055,0.002948,0.519881,205.068640,1168544,416,416
"MBMQH2","0002","42b2c25a-eaa8-11e5-9d31-09bcd8f30000","MBEG201","cmdex.CMD_OLTP_EX",2019-04-25,17:43,2019-04-25,17:44,5929,355.899081,0.368458,0.012818,20.724288,0.006576,0.002629,0.518126,1783.307156,12416061,2095,2093
"MBMQH2","0002","42b2c25a-eaa8-11e5-9d31-09bcd8f30000","MBEG101","cmdoltp.CMD_OLTP_REQ",2019-04-25,17:44,2019-04-25,17:45,4234,84.827890,0.130926,0.008235,14.107854,0.012803,0.001825,0.532312,336.201135,56396436,100910,4412
"MBMQH2","0002","42b2c25a-eaa8-11e5-9d31-09bcd8f30000","MBEG101","cmdoltp.CMD_OLTP_RES",2019-04-25,17:44,2019-04-25,17:45,3954,72.684491,0.064830,0.008435,17.378954,0.020355,0.002520,1.104135,1836.618031,7642315,2073,1867
"MBMQH2","0002","42b2c25a-eaa8-11e5-9d31-09bcd8f30000","MBEG201","TCAZ_SQLRATE_EG201",2019-04-25,17:44,2019-04-25,17:45,2608,28.616893,0.125403,0.005539,10.956009,0.006464,0.003127,0.503195,204.662240,1084928,416,416
"MBMQH2","0002","42b2c25a-eaa8-11e5-9d31-09bcd8f30000","MBEG201","cmdex.CMD_OLTP_EX",2019-04-25,17:44,2019-04-25,17:45,6113,367.928520,0.186581,0.014189,21.210503,0.007250,0.002571,0.525437,1742.543342,12801385,2095,2093
"MBMQH2","0002","42b2c25a-eaa8-11e5-9d31-09bcd8f30000","MBEG701","TCAZ_SQLRATE_EG701",2019-04-25,17:44,2019-04-25,17:45,5852,58.674132,0.165311,0.005607,25.140905,0.006755,0.003050,6.598188,2343.098610,2434432,416,416
"MBMQH2","0002","42b2c25a-eaa8-11e5-9d31-09bcd8f30000","MBEG101","cmdoltp.CMD_OLTP_REQ",2019-04-25,17:45,2019-04-25,17:46,4239,87.556932,0.208928,0.007955,13.956791,0.011848,0.001849,0.531288,334.271275,55840538,100910,4412
"MBMQH2","0002","42b2c25a-eaa8-11e5-9d31-09bcd8f30000","MBEG101","cmdoltp.CMD_OLTP_RES",2019-04-25,17:45,2019-04-25,17:46,4092,76.300695,0.209314,0.008336,17.794649,0.021583,0.002525,1.134335,1871.239220,7902212,2073,1867
"MBMQH2","0002","42b2c25a-eaa8-11e5-9d31-09bcd8f30000","MBEG701","TCAZ_SQLRATE_EG701",2019-04-25,17:45,2019-04-25,17:46,5830,58.989832,0.148220,0.005638,25.022952,0.007435,0.002833,6.593185,2341.277951,2425280,416,416
"MBMQH2","0002","42b2c25a-eaa8-11e5-9d31-09bcd8f30000","MBEG201","TCAZ_SQLRATE_EG201",2019-04-25,17:45,2019-04-25,17:46,2569,29.200189,0.144830,0.005593,10.845357,0.006385,0.002869,0.520549,210.106306,1068704,416,416
"MBMQH2","0002","42b2c25a-eaa8-11e5-9d31-09bcd8f30000","MBEG201","cmdex.CMD_OLTP_EX",2019-04-25,17:45,2019-04-25,17:46,5976,399.140202,5.449147,0.011346,22.844401,2.064109,0.002639,0.529308,1756.845623,12514340,2095,1889
"MBMQH2","0002","42b2c25a-eaa8-11e5-9d31-09bcd8f30000","MBEG101","cmdoltp.CMD_OLTP_REQ",2019-04-25,17:46,2019-04-25,17:47,4118,89.038337,0.298287,0.008348,13.970025,0.013032,0.001884,0.528840,326.895851,58098742,100910,4412
"MBMQH2","0002","42b2c25a-eaa8-11e5-9d31-09bcd8f30000","MBEG101","cmdoltp.CMD_OLTP_RES",2019-04-25,17:46,2019-04-25,17:47,4135,83.079456,0.262160,0.007769,17.922350,0.014782,0.002552,1.096661,1815.893736,7980840,2073,1867
"MBMQH2","0002","42b2c25a-eaa8-11e5-9d31-09bcd8f30000","MBEG701","TCAZ_SQLRATE_EG701",2019-04-25,17:46,2019-04-25,17:47,5769,58.769523,0.155824,0.005634,24.913915,0.006932,0.003178,6.410337,2342.064037,2399904,416,416
"MBMQH2","0002","42b2c25a-eaa8-11e5-9d31-09bcd8f30000","MBEG201","TCAZ_SQLRATE_EG201",2019-04-25,17:46,2019-04-25,17:47,2702,28.302499,0.122985,0.005547,11.416279,0.008131,0.003064,0.532362,211.110517,1124032,416,416
"MBMQH2","0002","42b2c25a-eaa8-11e5-9d31-09bcd8f30000","MBEG201","cmdex.CMD_OLTP_EX",2019-04-25,17:46,2019-04-25,17:47,5813,383.772121,0.298763,0.012163,20.245183,0.006718,0.002631,0.517381,1800.100308,12173225,2095,2093
"MBMQH2","0002","42b2c25a-eaa8-11e5-9d31-09bcd8f30000","MBEG101","cmdoltp.CMD_OLTP_REQ",2019-04-25,17:47,2019-04-25,17:48,4315,92.311140,0.200144,0.007795,14.430948,0.012398,0.001793,0.527130,327.001742,59263786,100910,4412
"MBMQH2","0002","42b2c25a-eaa8-11e5-9d31-09bcd8f30000","MBEG101","cmdoltp.CMD_OLTP_RES",2019-04-25,17:47,2019-04-25,17:48,3801,73.428362,0.187431,0.008979,16.816693,0.015126,0.002508,1.136800,1853.694967,7362566,2073,1867
"MBMQH2","0002","42b2c25a-eaa8-11e5-9d31-09bcd8f30000","MBEG701","TCAZ_SQLRATE_EG701",2019-04-25,17:47,2019-04-25,17:48,5784,61.072965,0.144106,0.005605,24.837708,0.006932,0.003103,6.606283,2323.954389,2406144,416,416
"MBMQH2","0002","42b2c25a-eaa8-11e5-9d31-09bcd8f30000","MBEG201","TCAZ_SQLRATE_EG201",2019-04-25,17:47,2019-04-25,17:48,2627,30.444628,0.163646,0.005523,11.066556,0.006438,0.002944,0.507321,203.888366,1092832,416,416
"MBMQH2","0002","42b2c25a-eaa8-11e5-9d31-09bcd8f30000","MBEG201","cmdex.CMD_OLTP_EX",2019-04-25,17:47,2019-04-25,17:48,5903,388.338173,5.336620,0.014907,22.509429,2.074531,0.002605,0.518646,1715.938244,12361485,2095,1889
"MBMQH2","0002","42b2c25a-eaa8-11e5-9d31-09bcd8f30000","MBEG101","cmdoltp.CMD_OLTP_REQ",2019-04-25,17:48,2019-04-25,17:49,4203,81.856998,0.257011,0.007884,14.036989,0.013663,0.001793,0.533897,338.421661,58569848,100910,4412
"MBMQH2","0002","42b2c25a-eaa8-11e5-9d31-09bcd8f30000","MBEG101","cmdoltp.CMD_OLTP_RES",2019-04-25,17:48,2019-04-25,17:49,4291,79.432901,0.166147,0.008714,18.448986,0.017628,0.002510,1.145649,1849.183543,8286925,2073,1867
"MBMQH2","0002","42b2c25a-eaa8-11e5-9d31-09bcd8f30000","MBEG201","TCAZ_SQLRATE_EG201",2019-04-25,17:48,2019-04-25,17:49,2863,34.194899,0.149450,0.005497,11.789713,0.006670,0.002781,0.525915,203.380506,1191008,416,416
"MBMQH2","0002","42b2c25a-eaa8-11e5-9d31-09bcd8f30000","MBEG201","cmdex.CMD_OLTP_EX",2019-04-25,17:48,2019-04-25,17:49,6277,424.210065,5.582741,0.014685,23.619471,2.112440,0.002535,0.548527,1753.114562,13144579,2095,1889
"MBMQH2","0002","42b2c25a-eaa8-11e5-9d31-09bcd8f30000","MBEG701","TCAZ_SQLRATE_EG701",2019-04-25,17:48,2019-04-25,17:49,4310,49.428933,0.161920,0.005578,18.533012,0.007026,0.003028,4.769639,2306.505413,1792960,416,416
