"DATE","TIME","SYSID","SG","DNUM","DTYPE","CYL","VOLSER","PAV","H","LCU","RATE","RESP","IOSQ","CMR","DB","INT","PEND","DISC","CONN","%CONN","%UTIL","%RESV","#ALLOC","%ALLOC"
"19/04/25","17:39:00","A1","","26BA","33909",10017,"TCAZ01",,"","00A2",0.000,.000,.000,.000,.000,.000,.000,.000,.000,0.00,0.00,0.0,1.0,100.0
"19/04/25","17:39:00","A1","","26BB","33909",10017,"TCAZ02",,"","00A2",0.000,.000,.000,.000,.000,.000,.000,.000,.000,0.00,0.00,0.0,6.0,100.0
"19/04/25","17:39:00","A1","","26CA","33909",10017,"JDOC02",,"","00A2",0.000,.000,.000,.000,.000,.000,.000,.000,.000,0.00,0.00,0.0,0.0,100.0
"19/04/25","17:39:00","A1","","26CB","33909",10017,"JDOC03",,"","00A2",0.000,.000,.000,.000,.000,.000,.000,.000,.000,0.00,0.00,0.0,0.0,100.0
"19/04/25","17:39:00","A1","","26CC","33909",10017,"JDOC04",,"","00A2",0.103,.518,.000,.000,.000,.000,.103,.000,.415,0.00,0.00,0.0,0.0,100.0
"19/04/25","17:39:00","A1","","26CD","33909",10017,"JDOC05",,"","00A2",0.000,.000,.000,.000,.000,.000,.000,.000,.000,0.00,0.00,0.0,0.0,100.0
"19/04/25","17:39:00","A1","","","",,"LCU",,"","00A2",0.103,.518,.000,.000,.000,.000,.103,.000,.415,0.00,0.00,0.0,7.0,100.0
"19/04/25","17:39:00","A1","","8D80","33909",10017,"TCAZ03",1.0,"H","016F",0.210,.408,.000,.000,.000,.002,.112,.000,.297,0.01,0.01,0.0,8.0,100.0
"19/04/25","17:39:00","A1","DOC2SG","8D81","33909",10017,"YDOC01",1.0,"H","016F",0.125,1.04,.000,.002,.000,.000,.116,.000,.922,0.01,0.01,0.0,0.0,100.0
"19/04/25","17:39:00","A1","DOC2SG","8D82","33909",10017,"YDOC02",1.0,"H","016F",0.017,.243,.000,.013,.000,.000,.141,.000,.102,0.00,0.00,0.0,0.0,100.0
"19/04/25","17:39:00","A1","DOC2SG","8D83","33909",10017,"YDOC03",1.0,"H","016F",0.017,.269,.000,.013,.000,.000,.141,.000,.128,0.00,0.00,0.0,0.0,100.0
"19/04/25","17:39:00","A1","DOC2SG","8D84","33909",10017,"YDOC04",1.0,"H","016F",0.017,.218,.000,.000,.000,.000,.115,.000,.102,0.00,0.00,0.0,0.0,100.0
"19/04/25","17:39:00","A1","DOC2SG","8D85","33909",10017,"YDOC05",1.0,"H","016F",0.017,.218,.000,.000,.000,.000,.115,.000,.102,0.00,0.00,0.0,0.0,100.0
"19/04/25","17:39:00","A1","DOC2SG","8D86","33909",10017,"YDOC06",1.0,"H","016F",0.017,.256,.000,.013,.000,.000,.128,.000,.128,0.00,0.00,0.0,0.0,100.0
"19/04/25","17:39:00","A1","DOC2SG","8D87","33909",10017,"YDOC07",1.0,"H","016F",0.017,.230,.000,.000,.000,.000,.128,.000,.102,0.00,0.00,0.0,0.0,100.0
"19/04/25","17:39:00","A1","DOC2SG","8D88","33909",10017,"YDOC08",1.0,"H","016F",0.015,.228,.000,.000,.000,.000,.114,.000,.114,0.00,0.00,0.0,0.0,100.0
"19/04/25","17:39:00","A1","DOC2SG","8D89","33909",10017,"YDOC09",1.0,"H","016F",0.017,.218,.000,.000,.000,.000,.128,.000,.090,0.00,0.00,0.0,0.0,100.0
"19/04/25","17:39:00","A1","DOC2SG","8D8A","33909",10017,"YDOC10",1.0,"H","016F",0.017,.230,.000,.000,.000,.000,.128,.000,.102,0.00,0.00,0.0,0.0,100.0
"19/04/25","17:39:00","A1","DOC2SG","8D8B","33909",10017,"YDOC11",1.0,"H","016F",0.017,.230,.000,.000,.000,.000,.115,.000,.115,0.00,0.00,0.0,0.0,100.0
"19/04/25","17:39:00","A1","DOC2SG","8D8C","33909",10017,"YDOC12",1.0,"H","016F",0.017,.230,.000,.000,.000,.000,.128,.000,.102,0.00,0.00,0.0,0.0,100.0
"19/04/25","17:39:00","A1","DOC2SG","8D8D","33909",10017,"YDOC13",1.0,"H","016F",0.017,.218,.000,.000,.000,.000,.115,.000,.102,0.00,0.00,0.0,0.0,100.0
"19/04/25","17:39:00","A1","DOC2SG","8D8E","33909",10017,"YDOC14",1.0,"H","016F",0.017,.243,.000,.000,.000,.013,.141,.000,.102,0.00,0.00,0.0,0.0,100.0
"19/04/25","17:39:00","A1","DOC2SG","8D8F","33909",10017,"YDOC15",1.0,"H","016F",0.017,.230,.000,.000,.000,.000,.128,.000,.102,0.00,0.00,0.0,0.0,100.0
"19/04/25","17:39:00","A1","SLOG2SG","8D90","33909",10017,"YSLG01",1.0,"H","016F",0.017,.218,.000,.000,.000,.000,.115,.000,.102,0.00,0.00,0.0,1.0,100.0
"19/04/25","17:39:00","A1","SLOG2SG","8D91","33909",10017,"YSLG02",1.0,"H","016F",0.017,.243,.000,.013,.000,.000,.128,.000,.115,0.00,0.00,0.0,0.0,100.0
"19/04/25","17:39:00","A1","SLOG2SG","8D92","33909",10017,"YSLG03",1.0,"H","016F",0.017,.230,.000,.000,.000,.000,.115,.000,.115,0.00,0.00,0.0,0.0,100.0
"19/04/25","17:39:00","A1","DMPEXSG","8D93","33909",10017,"YDMP01",1.0,"H","016F",0.017,.230,.000,.013,.000,.000,.128,.000,.102,0.00,0.00,0.0,0.0,100.0
"19/04/25","17:39:00","A1","DMPEXSG","8D94","33909",10017,"YDMP02",1.0,"H","016F",0.017,.230,.000,.013,.000,.000,.128,.000,.102,0.00,0.00,0.0,0.0,100.0
"19/04/25","17:39:00","A1","TMPSG","8D95","33909",10017,"YTMP01",1.0,"H","016F",0.017,.230,.000,.000,.000,.000,.128,.000,.102,0.00,0.00,0.0,0.0,100.0
"19/04/25","17:39:00","A1","TMPSG","8D96","33909",10017,"YTMP02",1.0,"H","016F",0.017,.243,.000,.000,.000,.000,.128,.000,.115,0.00,0.00,0.0,0.0,100.0
"19/04/25","17:39:00","A1","TMPSG","8D97","33909",10017,"YTMP03",1.0,"H","016F",0.017,.307,.000,.038,.000,.000,.154,.000,.154,0.00,0.00,0.0,0.0,100.0
"19/04/25","17:39:00","A1","TMPSG","8D98","33909",10017,"YTMP04",1.0,"H","016F",0.017,.243,.000,.026,.000,.000,.141,.000,.102,0.00,0.00,0.0,0.0,100.0
"19/04/25","17:39:00","A1","TMPSG","8D99","33909",10017,"YTMP05",1.0,"H","016F",0.017,.243,.000,.000,.000,.000,.128,.000,.115,0.00,0.00,0.0,0.0,100.0
"19/04/25","17:39:00","A1","","8DAC","33909",10017,"YCPUMF",1.0,"H","016F",0.033,.294,.000,.000,.000,.000,.090,.000,.205,0.00,0.00,0.0,1.0,100.0
"19/04/25","17:39:00","A1","","","",,"LCU",,"","016F",0.767,.417,.000,.003,.000,.001,.120,.000,.297,0.00,0.00,0.0,10.0,100.0
"19/04/25","17:39:00","A1","","8E92","33909",10017,"YCDS02",1.0,"H","0170",0.492,1.04,.000,.004,.000,.000,.130,.000,.907,0.04,0.04,0.0,14.0,100.0
"19/04/25","17:39:00","A1","","8E9C","33909",10017,"1.0H",,"","0170",0.003,.128,.000,.000,.000,.000,.128,.000,.000,0.00,0.00,0.0,0.0,100.0
"19/04/25","17:39:00","A1","","8E9D","33909",10017,"1.0H",,"","0170",0.003,.128,.000,.000,.000,.000,.128,.000,.000,0.00,0.00,0.0,0.0,100.0
"19/04/25","17:39:00","A1","","8E9E","33909",10017,"1.0H",,"","0170",0.003,.064,.000,.000,.000,.000,.064,.000,.000,0.00,0.00,0.0,0.0,100.0
"19/04/25","17:39:00","A1","","8E9F","33909",10017,"1.0H",,"","0170",0.003,.064,.000,.000,.000,.000,.064,.000,.000,0.00,0.00,0.0,0.0,100.0
"19/04/25","17:39:00","A1","","8EA0","33909",10017,"1.0H",,"","0170",0.003,.128,.000,.000,.000,.000,.128,.000,.000,0.00,0.00,0.0,0.0,100.0
"19/04/25","17:39:00","A1","","8EA2","33909",10017,"1.0H",,"","0170",0.003,.128,.000,.000,.000,.000,.128,.000,.000,0.00,0.00,0.0,0.0,100.0
"19/04/25","17:39:00","A1","","8EA3","33909",10017,"1.0H",,"","0170",0.003,.128,.000,.000,.000,.000,.128,.000,.000,0.00,0.00,0.0,0.0,100.0
"19/04/25","17:39:00","A1","","8EB5","33909",10017,"1.0H",,"","0170",0.003,.128,.000,.000,.000,.000,.128,.000,.000,0.00,0.00,0.0,0.0,100.0
"19/04/25","17:39:00","A1","","8EB7","33909",10017,"1.0H",,"","0170",0.003,.128,.000,.000,.000,.000,.128,.000,.000,0.00,0.00,0.0,0.0,100.0
"19/04/25","17:39:00","A1","","","",,"LCU",,"","0170",0.522,.984,.000,.004,.000,.000,.129,.000,.855,0.00,0.00,0.0,14.0,100.0
"19/04/25","17:39:00","A1","","8F89","33909",10017,"1.0H",,"","0171",0.003,.128,.000,.000,.000,.000,.128,.000,.000,0.00,0.00,0.0,0.0,100.0
"19/04/25","17:39:00","A1","","8F94","33909",10017,"1.0H",,"","0171",0.003,.128,.000,.000,.000,.000,.128,.000,.000,0.00,0.00,0.0,0.0,100.0
"19/04/25","17:39:00","A1","","8F95","33909",10017,"1.0H",,"","0171",0.003,.128,.000,.000,.000,.000,.128,.000,.000,0.00,0.00,0.0,0.0,100.0
"19/04/25","17:39:00","A1","","8F9A","33909",10017,"1.0H",,"","0171",0.003,.128,.000,.000,.000,.000,.128,.000,.000,0.00,0.00,0.0,0.0,100.0
"19/04/25","17:39:00","A1","","8F9B","33909",10017,"1.0H",,"","0171",0.003,.128,.000,.000,.000,.000,.128,.000,.000,0.00,0.00,0.0,0.0,100.0
"19/04/25","17:39:00","A1","","8FAC","33909",10017,"1.0H",,"","0171",0.003,.128,.000,.000,.000,.000,.128,.000,.000,0.00,0.00,0.0,0.0,100.0
"19/04/25","17:39:00","A1","","8FB0","33909",10017,"1.0H",,"","0171",0.003,.128,.000,.000,.000,.000,.128,.000,.000,0.00,0.00,0.0,0.0,100.0
"19/04/25","17:39:00","A1","","","",,"LCU",,"","0171",0.023,.128,.000,.000,.000,.000,.128,.000,.000,0.00,0.00,0.0,0.0,100.0
"19/04/25","17:39:00","A1","","C092","33909",10017,"YCDS01",1.0,"H","019E",2.515,.623,.000,.000,.014,.000,.131,.003,.488,0.12,0.12,0.0,14.0,100.0
"19/04/25","17:39:00","A1","","C093","33909",10017,"TMP001",1.0,"H","019E",0.000,.000,.000,.000,.000,.000,.000,.000,.000,0.00,0.00,0.0,0.0,100.0
"19/04/25","17:39:00","A1","","C094","33909",10017,"YDSA1A",1.0,"H","019E",1.450,.637,.000,.000,.000,.000,.092,.316,.229,0.03,0.08,0.0,22.0,100.0
"19/04/25","17:39:00","A1","","C095","33909",10017,"YDSA1B",1.0,"H","019E",0.842,.675,.000,.000,.000,.000,.100,.391,.184,0.02,0.05,0.0,2.0,100.0
"19/04/25","17:39:00","A1","SGLOGRA1","C096","33909",10017,"YLGR11",1.2,"H","019E",405.883,.863,.000,.000,.366,.000,.434,.280,.149,5.21,14.98,0.0,4.0,100.0
"19/04/25","17:39:00","A1","","C097","33909",10017,"YSYZ2A",1.0,"H","019E",0.107,.278,.000,.000,.000,.000,.104,.000,.174,0.00,0.00,0.0,73.0,100.0
"19/04/25","17:39:00","A1","","C098","33909",10017,"YSYZ2B",1.0,"H","019E",0.030,.142,.000,.000,.000,.000,.078,.000,.064,0.00,0.00,0.0,60.0,100.0
"19/04/25","17:39:00","A1","","C099","33909",10017,"YSYZ2C",1.0,"H","019E",0.000,.000,.000,.000,.000,.000,.000,.000,.000,0.00,0.00,0.0,1.0,100.0
"19/04/25","17:39:00","A1","","C09A","33909",10017,"YSYZ2D",1.0,"H","019E",0.033,.282,.000,.000,.000,.000,.096,.000,.186,0.00,0.00,0.0,45.0,100.0
"19/04/25","17:39:00","A1","","C09B","33909",10017,"YSYZ2E",1.0,"H","019E",3.625,.221,.000,.000,.000,.000,.079,.000,.143,0.05,0.05,0.0,110,100.0
"19/04/25","17:39:00","A1","","C09C","33909",10017,"YMQL11",1.0,"H","019E",366.990,.506,.000,.000,.000,.000,.068,.254,.184,6.76,16.09,0.0,6.0,100.0
"19/04/25","17:39:00","A1","","C09D","33909",10017,"YMQL12",1.0,"H","019E",360.231,.505,.000,.000,.000,.000,.067,.259,.179,6.45,15.78,0.0,6.0,100.0
"19/04/25","17:39:00","A1","","C09E","33909",10017,"YMQL13",1.0,"H","019E",373.683,.523,.000,.000,.000,.000,.068,.261,.193,7.22,16.97,0.0,2.0,100.0
"19/04/25","17:39:00","A1","","C09F","33909",10017,"YMQL14",1.0,"H","019E",368.681,.515,.000,.000,.000,.000,.068,.265,.182,6.70,16.49,0.0,2.0,100.0
"19/04/25","17:39:00","A1","","C0A0","33909",10017,"YMQP11",1.0,"H","019E",0.033,1.06,.000,.000,.000,.000,.058,.666,.339,0.00,0.00,0.0,23.0,100.0
"19/04/25","17:39:00","A1","","C0A1","33909",10017,"YWAS11",1.0,"H","019E",0.177,.510,.000,.000,.000,.000,.069,.268,.173,0.00,0.01,0.0,3.0,100.0
"19/04/25","17:39:00","A1","","C0A2","33909",10017,"YDBL01",1.0,"H","019E",473.972,.535,.000,.000,.000,.000,.069,.262,.205,9.69,22.11,0.0,3.0,100.0
"19/04/25","17:39:00","A1","","C0A3","33909",10017,"YDBL02",1.0,"H","019E",409.215,.528,.000,.000,.000,.000,.070,.244,.214,8.77,18.75,0.0,3.0,100.0
"19/04/25","17:39:00","A1","","C0A4","33909",10017,"YDBL06",1.0,"H","019E",0.000,.000,.000,.000,.000,.000,.000,.000,.000,0.00,0.00,0.0,0.0,100.0
"19/04/25","17:39:00","A1","","C0A5","33909",10017,"YDBL05",1.0,"H","019E",0.000,.000,.000,.000,.000,.000,.000,.000,.000,0.00,0.00,0.0,0.0,100.0
"19/04/25","17:39:00","A1","ARCASG","C0A6","33909",10017,"YDBA01",1.0,"H","019E",11.782,1.33,.000,.000,.000,.000,.072,.476,.785,0.93,1.49,0.0,0.0,100.0
"19/04/25","17:39:00","A1","ARCASG","C0A7","33909",10017,"YDBA02",1.0,"H","019E",11.702,1.21,.000,.000,.000,.000,.070,.403,.738,0.86,1.34,0.0,0.0,100.0
"19/04/25","17:39:00","A1","ARCASG","C0A8","33909",10017,"YDBA03",1.0,"H","019E",11.782,1.21,.000,.000,.000,.000,.071,.397,.742,0.87,1.34,0.0,0.0,100.0
"19/04/25","17:39:00","A1","ARCASG","C0A9","33909",10017,"YDBA04",1.0,"H","019E",0.097,.702,.000,.000,.000,.000,.079,.223,.399,0.00,0.01,0.0,0.0,100.0
"19/04/25","17:39:00","A1","DBAGSG","C0AA","33909",10017,"YDBU01",1.0,"H","019E",0.700,.153,.000,.000,.000,.000,.077,.004,.071,0.00,0.01,0.0,3.0,100.0
"19/04/25","17:39:00","A1","DBAGSG","C0AB","33909",10017,"YDBU02",1.0,"H","019E",0.017,.192,.000,.000,.000,.000,.115,.000,.077,0.00,0.00,0.0,0.0,100.0
"19/04/25","17:39:00","A1","DBAGSG","C0AC","33909",10017,"YDBU03",1.0,"H","019E",0.390,19.2,.000,.007,.000,.000,.120,12.5,6.59,0.25,0.73,0.0,3.0,100.0
"19/04/25","17:39:00","A1","DBAGSG","C0AD","33909",10017,"YDBU04",1.0,"H","019E",0.045,.346,.000,.000,.000,.000,.081,.095,.171,0.00,0.00,0.0,2.0,100.0
"19/04/25","17:39:00","A1","DBAGSG","C0AE","33909",10017,"YDBU05",1.0,"H","019E",0.077,.587,.000,.003,.000,.000,.089,.200,.298,0.00,0.00,0.0,1.0,100.0
"19/04/25","17:39:00","A1","DBAGSG","C0AF","33909",10017,"YDBU06",1.0,"H","019E",1.200,2.40,.000,.001,.000,.000,.083,1.51,.806,0.10,0.28,0.0,1.0,100.0
"19/04/25","17:39:00","A1","DBAGSG","C0B0","33909",10017,"YDBU07",1.0,"H","019E",5.748,2.82,.000,.001,.000,.000,.092,1.68,1.05,0.59,1.53,0.0,2.0,100.0
"19/04/25","17:39:00","A1","DBAGSG","C0B1","33909",10017,"YDBU08",1.0,"H","019E",121.411,.724,.000,.000,.000,.000,.069,.405,.250,3.01,7.89,0.0,2.0,100.0
"19/04/25","17:39:00","A1","DBAGSG","C0B2","33909",10017,"YDBU09",1.0,"H","019E",0.137,12.2,.000,.005,.000,.000,.111,8.00,4.04,0.06,0.16,0.0,3.0,100.0
"19/04/25","17:39:00","A1","DBAGSG","C0B3","33909",10017,"YDBU0A",1.0,"H","019E",0.017,.179,.000,.000,.000,.000,.102,.000,.077,0.00,0.00,0.0,1.0,100.0
"19/04/25","17:39:00","A1","DBCSG","C0B4","33909",10017,"YDBC01",1.0,"H","019E",0.218,11.1,.000,.005,.000,.000,.101,7.51,3.44,0.08,0.24,0.0,68.0,100.0
"19/04/25","17:39:00","A1","","C0B5","33909",10017,"YDBW01",1.0,"H","019E",0.003,.448,.000,.000,.000,.000,.064,.256,.128,0.00,0.00,0.0,21.0,100.0
"19/04/25","17:39:00","A1","","C0B6","33909",10017,"YDBB01",1.0,"H","019E",0.000,.000,.000,.000,.000,.000,.000,.000,.000,0.00,0.00,0.0,0.0,100.0
"19/04/25","17:39:00","A1","","C0B7","33909",10017,"YDBB02",1.0,"H","019E",0.197,.599,.000,.000,.000,.000,.094,.056,.448,0.01,0.01,0.0,5.4,100.0
"19/04/25","17:39:00","A1","","C0B8","33909",10017,"YDBI01",1.0,"H","019E",0.000,.000,.000,.000,.000,.000,.000,.000,.000,0.00,0.00,0.0,0.0,100.0
"19/04/25","17:39:00","A1","ARCMQSG","C0B9","33909",10017,"YMQAC1",1.0,"H","019E",8.948,.949,.000,.000,.000,.000,.070,.307,.571,0.51,0.79,0.0,0.0,100.0
"19/04/25","17:39:00","A1","ARCMQSG","C0BA","33909",10017,"YMQAC2",1.0,"H","019E",0.017,.192,.000,.000,.000,.000,.115,.000,.077,0.00,0.00,0.0,0.0,100.0
"19/04/25","17:39:00","A1","MBZFSSG1","C0BB","33909",10017,"YMBUR1",1.0,"H","019E",0.050,.397,.000,.000,.000,.000,.081,.183,.132,0.00,0.00,0.0,1.0,100.0
"19/04/25","17:39:00","A1","","C0BC","33909",10017,"YMBH01",1.0,"H","019E",0.067,.515,.000,.000,.000,.000,.067,.275,.173,0.00,0.00,0.0,1.0,100.0
"19/04/25","17:39:00","A1","","C0BD","33909",10017,"YGDU41",1.0,"H","019E",0.000,.000,.000,.000,.000,.000,.000,.000,.000,0.00,0.00,0.0,0.0,100.0
"19/04/25","17:39:00","A1","","C0BE","33909",10017,"YGDU42",1.0,"H","019E",0.000,.000,.000,.000,.000,.000,.000,.000,.000,0.00,0.00,0.0,0.0,100.0
"19/04/25","17:39:00","A1","","C0BF","33909",10017,"YGDU43",1.0,"H","019E",0.000,.000,.000,.000,.000,.000,.000,.000,.000,0.00,0.00,0.0,0.0,100.0
"19/04/25","17:39:00","A1","","C0C0","33909",10017,"YGDU44",1.0,"H","019E",0.000,.000,.000,.000,.000,.000,.000,.000,.000,0.00,0.00,0.0,0.0,100.0
"19/04/25","17:39:00","A1","","C0C1","33909",10017,"YGDU45",1.0,"H","019E",0.000,.000,.000,.000,.000,.000,.000,.000,.000,0.00,0.00,0.0,0.0,100.0
"19/04/25","17:39:00","A1","","C0C2","33909",10017,"YDSA1C",1.0,"H","019E",217.440,.491,.000,.000,.000,.000,.069,.253,.169,3.67,9.18,0.0,4.0,100.0
"19/04/25","17:39:00","A1","","","",,"LCU",,"","019E",3159.51,.587,.000,.000,.047,.000,.116,.273,.199,1.26,2.99,0.0,498,100.0
"19/04/25","17:39:00","A1","","C188","33909",10017,"YCOM01",1.0,"H","019F",5.848,.179,.000,.000,.000,.000,.079,.003,.097,0.06,0.06,0.0,56.0,100.0
"19/04/25","17:39:00","A1","","C189","33909",10017,"YCOM02",1.0,"H","019F",0.317,.420,.000,.000,.000,.000,.072,.202,.146,0.00,0.01,0.0,13.0,100.0
"19/04/25","17:39:00","A1","","C18A","33909",10017,"YDSA2A",1.0,"H","019F",0.000,.000,.000,.000,.000,.000,.000,.000,.000,0.00,0.00,0.0,1.0,100.0
"19/04/25","17:39:00","A1","","C18B","33909",10017,"YDSA2B",1.0,"H","019F",0.000,.000,.000,.000,.000,.000,.000,.000,.000,0.00,0.00,0.0,1.0,100.0
"19/04/25","17:39:00","A1","SGLOGRA2","C18C","33909",10017,"YLGR21",1.0,"H","019F",0.017,.179,.000,.000,.000,.000,.102,.000,.077,0.00,0.00,0.0,0.0,100.0
"19/04/25","17:39:00","A1","","C18D","33909",10017,"YWRK01",1.0,"H","019F",0.000,.000,.000,.000,.000,.000,.000,.000,.000,0.00,0.00,0.0,4.0,100.0
"19/04/25","17:39:00","A1","SGLOGRC","C18E","33909",10017,"YLGRC1",1.0,"H","019F",0.202,.612,.000,.000,.000,.000,.073,.371,.168,0.00,0.01,0.0,2.0,100.0
"19/04/25","17:39:00","A1","","C18F","33909",10017,"YSYZ2F",1.0,"H","019F",0.233,.359,.000,.000,.000,.000,.072,.160,.127,0.00,0.01,0.0,7.0,100.0
"19/04/25","17:39:00","A1","","C190","33909",10017,"YSYZ2G",1.0,"H","019F",0.533,.162,.000,.000,.000,.000,.074,.018,.070,0.00,0.00,0.0,16.0,100.0
"19/04/25","17:39:00","A1","ZFSWITSG","C191","33909",10017,"YSYZ2H",1.0,"H","019F",0.050,.162,.000,.000,.000,.000,.090,.000,.073,0.00,0.00,0.0,1.0,100.0
"19/04/25","17:39:00","A1","ZFSBBXSG","C192","33909",10017,"YSYZ2I",1.0,"H","019F",0.017,.179,.000,.000,.000,.000,.115,.000,.064,0.00,0.00,0.0,0.0,100.0
"19/04/25","17:39:00","A1","","C193","33909",10017,"YSYZ2J",1.0,"H","019F",0.000,.000,.000,.000,.000,.000,.000,.000,.000,0.00,0.00,0.0,0.0,100.0
"19/04/25","17:39:00","A1","","C194","33909",10017,"YMQL21",1.0,"H","019F",3.973,.517,.000,.000,.000,.000,.067,.279,.171,0.07,0.18,0.0,2.0,100.0
"19/04/25","17:39:00","A1","","C195","33909",10017,"YMQL22",1.0,"H","019F",3.973,.526,.000,.000,.000,.000,.068,.289,.169,0.07,0.18,0.0,2.0,100.0
"19/04/25","17:39:00","A1","","C196","33909",10017,"YMQL23",1.0,"H","019F",0.000,.000,.000,.000,.000,.000,.000,.000,.000,0.00,0.00,0.0,0.0,100.0
"19/04/25","17:39:00","A1","","C197","33909",10017,"YMQL24",1.0,"H","019F",0.000,.000,.000,.000,.000,.000,.000,.000,.000,0.00,0.00,0.0,0.0,100.0
"19/04/25","17:39:00","A1","","C198","33909",10017,"YMQP21",1.0,"H","019F",0.000,.000,.000,.000,.000,.000,.000,.000,.000,0.00,0.00,0.0,0.0,100.0
"19/04/25","17:39:00","A1","","C199","33909",10017,"YWAS21",1.0,"H","019F",0.000,.000,.000,.000,.000,.000,.000,.000,.000,0.00,0.00,0.0,0.0,100.0
"19/04/25","17:39:00","A1","","C19A","33909",10017,"YDBL03",1.0,"H","019F",375.180,.536,.000,.000,.000,.000,.070,.269,.198,7.42,17.51,0.0,2.0,100.0
"19/04/25","17:39:00","A1","","C19B","33909",10017,"YDBL04",1.0,"H","019F",460.817,.543,.000,.000,.000,.000,.070,.274,.199,9.18,21.81,0.0,2.0,100.0
"19/04/25","17:39:00","A1","","C19C","33909",10017,"YDBL08",1.0,"H","019F",0.000,.000,.000,.000,.000,.000,.000,.000,.000,0.00,0.00,0.0,0.0,100.0
"19/04/25","17:39:00","A1","","C19D","33909",10017,"YDBL07",1.0,"H","019F",0.000,.000,.000,.000,.000,.000,.000,.000,.000,0.00,0.00,0.0,0.0,100.0
"19/04/25","17:39:00","A1","ARCBSG","C19E","33909",10017,"YDBA05",1.0,"H","019F",11.862,1.28,.000,.000,.000,.000,.071,.464,.742,0.88,1.43,0.0,0.0,100.0
"19/04/25","17:39:00","A1","ARCBSG","C19F","33909",10017,"YDBA06",1.0,"H","019F",0.017,.179,.000,.000,.000,.000,.115,.000,.064,0.00,0.00,0.0,0.0,100.0
"19/04/25","17:39:00","A1","ARCBSG","C1A0","33909",10017,"YDBA07",1.0,"H","019F",23.387,1.26,.000,.000,.000,.000,.072,.414,.775,1.81,2.78,0.0,0.0,100.0
"19/04/25","17:39:00","A1","ARCBSG","C1A1","33909",10017,"YDBA08",1.0,"H","019F",0.097,.682,.000,.000,.000,.000,.082,.212,.388,0.00,0.01,0.0,0.0,100.0
"19/04/25","17:39:00","A1","DBAGSG","C1A2","33909",10017,"YDBU0B",1.0,"H","019F",148.160,.818,.000,.000,.000,.000,.069,.442,.307,4.54,11.10,0.0,7.0,100.0
"19/04/25","17:39:00","A1","DBAGSG","C1A3","33909",10017,"YDBU0C",1.0,"H","019F",0.017,.179,.000,.000,.000,.000,.115,.000,.064,0.00,0.00,0.0,0.0,100.0
"19/04/25","17:39:00","A1","DBAGSG","C1A4","33909",10017,"YDBU0D",1.0,"H","019F",7.157,2.22,.000,.001,.000,.000,.079,1.29,.849,0.61,1.53,0.0,4.0,100.0
"19/04/25","17:39:00","A1","DBAGSG","C1A5","33909",10017,"YDBU0E",1.0,"H","019F",0.433,20.6,.000,.011,.000,.000,.123,13.7,6.76,0.28,0.85,0.0,4.0,100.0
"19/04/25","17:39:00","A1","DBAGSG","C1A6","33909",10017,"YDBU0F",1.0,"H","019F",0.018,.652,.000,.000,.000,.000,.105,.477,.070,0.00,0.00,0.0,3.0,100.0
"19/04/25","17:39:00","A1","DBAGSG","C1A7","33909",10017,"YDBU10",1.0,"H","019F",3.132,2.56,.000,.000,.000,.000,.078,1.38,1.10,0.34,0.78,0.0,8.0,100.0
"19/04/25","17:39:00","A1","DBAGSG","C1A8","33909",10017,"YDBU11",1.0,"H","019F",3.895,14.2,.000,.001,.000,.000,.104,8.76,5.33,2.01,5.33,0.0,1.0,100.0
"19/04/25","17:39:00","A1","DBAGSG","C1A9","33909",10017,"YDBU12",1.0,"H","019F",200.790,.504,.000,.000,.000,.000,.074,.228,.202,3.93,8.37,0.0,4.0,100.0
"19/04/25","17:39:00","A1","DBAGSG","C1AA","33909",10017,"YDBU13",1.0,"H","019F",5.258,11.0,.000,.003,.000,.000,.097,6.82,4.12,2.10,5.58,0.0,5.0,100.0
"19/04/25","17:39:00","A1","DBAGSG","C1AB","33909",10017,"YDBU14",1.0,"H","019F",4.092,9.52,.000,.003,.000,.000,.094,5.87,3.56,1.43,3.80,0.0,10.0,100.0
"19/04/25","17:39:00","A1","","C1AC","33909",10017,"YDBM01",1.0,"H","019F",40.412,1.03,.000,.004,.239,.000,.331,.245,.456,1.83,2.81,0.0,40.0,100.0
"19/04/25","17:39:00","A1","","C1AD","33909",10017,"YDBW02",1.0,"H","019F",0.000,.000,.000,.000,.000,.000,.000,.000,.000,0.00,0.00,0.0,0.0,100.0
"19/04/25","17:39:00","A1","","C1AE","33909",10017,"YDBT01",1.0,"H","019F",0.000,.000,.000,.000,.000,.000,.000,.000,.000,0.00,0.00,0.0,0.0,100.0
"19/04/25","17:39:00","A1","","C1AF","33909",10017,"YDBT02",1.0,"H","019F",0.000,.000,.000,.000,.000,.000,.000,.000,.000,0.00,0.00,0.0,0.0,100.0
"19/04/25","17:39:00","A1","","C1B0","33909",10017,"YDBT03",1.0,"H","019F",0.000,.000,.000,.000,.000,.000,.000,.000,.000,0.00,0.00,0.0,2.0,100.0
"19/04/25","17:39:00","A1","ARCMQSG","C1B1","33909",10017,"YMQAC3",1.0,"H","019F",0.017,.179,.000,.000,.000,.000,.102,.000,.077,0.00,0.00,0.0,0.0,100.0
"19/04/25","17:39:00","A1","ARCMQSG","C1B2","33909",10017,"YMQAC4",1.0,"H","019F",17.615,1.14,.000,.000,.000,.000,.072,.431,.638,1.12,1.88,0.0,0.0,100.0
"19/04/25","17:39:00","A1","MBZFSSG2","C1B3","33909",10017,"YMBUR2",1.0,"H","019F",0.017,.166,.000,.000,.000,.000,.102,.000,.064,0.00,0.00,0.0,0.0,100.0
"19/04/25","17:39:00","A1","","C1B4","33909",10017,"YMBH02",1.0,"H","019F",0.000,.000,.000,.000,.000,.000,.000,.000,.000,0.00,0.00,0.0,0.0,100.0
"19/04/25","17:39:00","A1","SMDSSG","C1B5","33909",10017,"YMQSM1",1.0,"H","019F",0.015,.199,.000,.000,.000,.000,.128,.000,.071,0.00,0.00,0.0,0.0,100.0
"19/04/25","17:39:00","A1","SMDSSG","C1B6","33909",10017,"YMQSM2",1.0,"H","019F",0.017,.179,.000,.000,.000,.000,.115,.000,.064,0.00,0.00,0.0,0.0,100.0
"19/04/25","17:39:00","A1","SMDSSG","C1B7","33909",10017,"YMQSM3",1.0,"H","019F",0.015,.199,.000,.000,.000,.000,.114,.000,.085,0.00,0.00,0.0,0.0,100.0
"19/04/25","17:39:00","A1","SMDSSG","C1B8","33909",10017,"YMQSM4",1.0,"H","019F",0.017,.192,.000,.000,.000,.000,.115,.000,.077,0.00,0.00,0.0,0.0,100.0
"19/04/25","17:39:00","A1","","C1B9","33909",10017,"YGDU51",1.0,"H","019F",0.000,.000,.000,.000,.000,.000,.000,.000,.000,0.00,0.00,0.0,0.0,100.0
"19/04/25","17:39:00","A1","","C1BA","33909",10017,"YGDU52",1.0,"H","019F",0.000,.000,.000,.000,.000,.000,.000,.000,.000,0.00,0.00,0.0,0.0,100.0
"19/04/25","17:39:00","A1","","C1BB","33909",10017,"YGDU53",1.0,"H","019F",0.000,.000,.000,.000,.000,.000,.000,.000,.000,0.00,0.00,0.0,0.0,100.0
"19/04/25","17:39:00","A1","","C1BC","33909",10017,"YGDU54",1.0,"H","019F",0.000,.000,.000,.000,.000,.000,.000,.000,.000,0.00,0.00,0.0,0.0,100.0
"19/04/25","17:39:00","A1","","C1BD","33909",10017,"YGDU55",1.0,"H","019F",0.000,.000,.000,.000,.000,.000,.000,.000,.000,0.00,0.00,0.0,0.0,100.0
"19/04/25","17:39:00","A1","","C1BE","33909",10017,"YGDU56",1.0,"H","019F",0.000,.000,.000,.000,.000,.000,.000,.000,.000,0.00,0.00,0.0,0.0,100.0
"19/04/25","17:39:00","A1","","C1BF","33909",10017,"XXC1BF",1.0,"H","019F",0.000,.000,.000,.000,.000,.000,.000,.000,.000,0.00,0.00,0.0,0.0,100.0
"19/04/25","17:39:00","A1","","C1C0","33909",10017,"XXC1C0",1.0,"H","019F",0.000,.000,.000,.000,.000,.000,.000,.000,.000,0.00,0.00,0.0,0.0,100.0
"19/04/25","17:39:00","A1","","C1C1","33909",10017,"XXC1C1",1.0,"H","019F",0.000,.000,.000,.000,.000,.000,.000,.000,.000,0.00,0.00,0.0,0.0,100.0
"19/04/25","17:39:00","A1","","C1C2","33909",10017,"YDSA2C",1.0,"H","019F",0.000,.000,.000,.000,.000,.000,.000,.000,.000,0.00,0.00,0.0,0.0,100.0
"19/04/25","17:39:00","A1","","","",,"LCU",,"","019F",1317.60,.737,.000,.000,.007,.000,.079,.370,.288,0.64,1.46,0.0,197,100.0
"19/04/25","17:39:00","A2","","26BA","33909",10017,"TCAZ01",,"","00A2",0.103,.522,.000,.000,.000,.000,.105,.000,.417,0.00,0.00,0.0,8.0,100.0
"19/04/25","17:39:00","A2","","26BB","33909",10017,"TCAZ02",,"","00A2",0.010,.235,.000,.000,.000,.000,.107,.000,.128,0.00,0.00,0.0,16.9,100.0
"19/04/25","17:39:00","A2","","26CA","33909",10017,"JDOC02",,"","00A2",0.000,.000,.000,.000,.000,.000,.000,.000,.000,0.00,0.00,0.0,0.0,100.0
"19/04/25","17:39:00","A2","","26CB","33909",10017,"JDOC03",,"","00A2",0.000,.000,.000,.000,.000,.000,.000,.000,.000,0.00,0.00,0.0,0.0,100.0
"19/04/25","17:39:00","A2","","26CC","33909",10017,"JDOC04",,"","00A2",0.000,.000,.000,.000,.000,.000,.000,.000,.000,0.00,0.00,0.0,0.0,100.0
"19/04/25","17:39:00","A2","","26CD","33909",10017,"JDOC05",,"","00A2",0.000,.000,.000,.000,.000,.000,.000,.000,.000,0.00,0.00,0.0,0.0,100.0
"19/04/25","17:39:00","A2","","","",,"LCU",,"","00A2",0.113,.497,.000,.000,.000,.000,.105,.000,.392,0.00,0.00,0.0,24.9,100.0
"19/04/25","17:39:00","A2","","8D80","33909",10017,"TCAZ03",1.0,"H","016F",0.303,.647,.000,.001,.000,.000,.113,.000,.534,0.02,0.02,0.0,9.0,100.0
"19/04/25","17:39:00","A2","DOC2SG","8D81","33909",10017,"YDOC01",1.0,"H","016F",0.017,.230,.000,.013,.000,.000,.128,.000,.102,0.00,0.00,0.0,0.0,100.0
"19/04/25","17:39:00","A2","DOC2SG","8D82","33909",10017,"YDOC02",1.0,"H","016F",0.017,.243,.000,.000,.000,.000,.141,.000,.102,0.00,0.00,0.0,0.0,100.0
"19/04/25","17:39:00","A2","DOC2SG","8D83","33909",10017,"YDOC03",1.0,"H","016F",0.017,.230,.000,.000,.000,.000,.128,.000,.102,0.00,0.00,0.0,0.0,100.0
"19/04/25","17:39:00","A2","DOC2SG","8D84","33909",10017,"YDOC04",1.0,"H","016F",0.017,.256,.000,.000,.000,.000,.141,.000,.115,0.00,0.00,0.0,0.0,100.0
"19/04/25","17:39:00","A2","DOC2SG","8D85","33909",10017,"YDOC05",1.0,"H","016F",0.017,.205,.000,.000,.000,.000,.115,.000,.090,0.00,0.00,0.0,0.0,100.0
"19/04/25","17:39:00","A2","DOC2SG","8D86","33909",10017,"YDOC06",1.0,"H","016F",0.017,.218,.000,.013,.000,.000,.128,.000,.090,0.00,0.00,0.0,0.0,100.0
"19/04/25","17:39:00","A2","DOC2SG","8D87","33909",10017,"YDOC07",1.0,"H","016F",0.017,.282,.000,.013,.000,.000,.141,.000,.141,0.00,0.00,0.0,0.0,100.0
"19/04/25","17:39:00","A2","DOC2SG","8D88","33909",10017,"YDOC08",1.0,"H","016F",0.017,.243,.000,.000,.000,.000,.128,.000,.115,0.00,0.00,0.0,0.0,100.0
"19/04/25","17:39:00","A2","DOC2SG","8D89","33909",10017,"YDOC09",1.0,"H","016F",0.017,.256,.000,.013,.000,.000,.141,.000,.115,0.00,0.00,0.0,0.0,100.0
"19/04/25","17:39:00","A2","DOC2SG","8D8A","33909",10017,"YDOC10",1.0,"H","016F",0.017,.230,.000,.000,.000,.000,.115,.000,.115,0.00,0.00,0.0,0.0,100.0
"19/04/25","17:39:00","A2","DOC2SG","8D8B","33909",10017,"YDOC11",1.0,"H","016F",0.017,.218,.000,.013,.000,.000,.128,.000,.090,0.00,0.00,0.0,0.0,100.0
"19/04/25","17:39:00","A2","DOC2SG","8D8C","33909",10017,"YDOC12",1.0,"H","016F",0.017,.269,.000,.013,.000,.000,.141,.000,.128,0.00,0.00,0.0,0.0,100.0
"19/04/25","17:39:00","A2","DOC2SG","8D8D","33909",10017,"YDOC13",1.0,"H","016F",0.017,.269,.000,.026,.000,.000,.154,.000,.115,0.00,0.00,0.0,0.0,100.0
"19/04/25","17:39:00","A2","DOC2SG","8D8E","33909",10017,"YDOC14",1.0,"H","016F",0.017,.230,.000,.000,.000,.000,.128,.000,.102,0.00,0.00,0.0,0.0,100.0
"19/04/25","17:39:00","A2","DOC2SG","8D8F","33909",10017,"YDOC15",1.0,"H","016F",0.017,.230,.000,.000,.000,.000,.128,.000,.102,0.00,0.00,0.0,0.0,100.0
"19/04/25","17:39:00","A2","SLOG2SG","8D90","33909",10017,"YSLG01",1.0,"H","016F",0.017,.243,.000,.000,.000,.000,.141,.000,.102,0.00,0.00,0.0,0.0,100.0
"19/04/25","17:39:00","A2","SLOG2SG","8D91","33909",10017,"YSLG02",1.0,"H","016F",0.017,.256,.000,.000,.000,.000,.128,.000,.128,0.00,0.00,0.0,1.0,100.0
"19/04/25","17:39:00","A2","SLOG2SG","8D92","33909",10017,"YSLG03",1.0,"H","016F",0.017,.243,.000,.000,.000,.000,.128,.000,.115,0.00,0.00,0.0,0.0,100.0
"19/04/25","17:39:00","A2","DMPEXSG","8D93","33909",10017,"YDMP01",1.0,"H","016F",0.017,.218,.000,.000,.000,.000,.115,.000,.102,0.00,0.00,0.0,0.0,100.0
"19/04/25","17:39:00","A2","DMPEXSG","8D94","33909",10017,"YDMP02",1.0,"H","016F",0.017,.243,.000,.000,.000,.000,.128,.000,.115,0.00,0.00,0.0,0.0,100.0
"19/04/25","17:39:00","A2","TMPSG","8D95","33909",10017,"YTMP01",1.0,"H","016F",0.017,.230,.000,.000,.000,.000,.128,.000,.102,0.00,0.00,0.0,0.0,100.0
"19/04/25","17:39:00","A2","TMPSG","8D96","33909",10017,"YTMP02",1.0,"H","016F",0.017,.256,.000,.000,.000,.000,.141,.000,.115,0.00,0.00,0.0,0.0,100.0
"19/04/25","17:39:00","A2","TMPSG","8D97","33909",10017,"YTMP03",1.0,"H","016F",0.017,.256,.000,.013,.000,.000,.141,.000,.115,0.00,0.00,0.0,0.0,100.0
"19/04/25","17:39:00","A2","TMPSG","8D98","33909",10017,"YTMP04",1.0,"H","016F",0.017,.256,.000,.013,.000,.000,.141,.000,.115,0.00,0.00,0.0,0.0,100.0
"19/04/25","17:39:00","A2","TMPSG","8D99","33909",10017,"YTMP05",1.0,"H","016F",0.023,.741,.000,.018,.000,.000,.137,.000,.603,0.00,0.00,0.0,0.0,100.0
"19/04/25","17:39:00","A2","","8DAC","33909",10017,"YCPUMF",1.0,"H","016F",0.033,.301,.000,.000,.000,.000,.083,.000,.218,0.00,0.00,0.0,1.0,100.0
"19/04/25","17:39:00","A2","","","",,"LCU",,"","016F",0.760,.422,.000,.004,.000,.000,.123,.000,.299,0.00,0.00,0.0,11.0,100.0
"19/04/25","17:39:00","A2","","8E92","33909",10017,"YCDS02",1.0,"H","0170",0.478,1.01,.000,.003,.000,.001,.132,.000,.879,0.04,0.04,0.0,14.0,100.0
"19/04/25","17:39:00","A2","","8EA4","33909",10017,"1.0H",,"","0170",0.003,.064,.000,.000,.000,.000,.064,.000,.000,0.00,0.00,0.0,0.0,100.0
"19/04/25","17:39:00","A2","","8EA5","33909",10017,"1.0H",,"","0170",0.003,.128,.000,.000,.000,.000,.128,.000,.000,0.00,0.00,0.0,0.0,100.0
"19/04/25","17:39:00","A2","","8EB5","33909",10017,"1.0H",,"","0170",0.003,.128,.000,.000,.000,.000,.128,.000,.000,0.00,0.00,0.0,0.0,100.0
"19/04/25","17:39:00","A2","","8EB7","33909",10017,"1.0H",,"","0170",0.003,.128,.000,.000,.000,.000,.128,.000,.000,0.00,0.00,0.0,0.0,100.0
"19/04/25","17:39:00","A2","","","",,"LCU",,"","0170",0.492,.987,.000,.003,.000,.001,.131,.000,.855,0.01,0.01,0.0,14.0,100.0
"19/04/25","17:39:00","A2","","8F94","33909",10017,"1.0H",,"","0171",0.003,.128,.000,.000,.000,.000,.128,.000,.000,0.00,0.00,0.0,0.0,100.0
"19/04/25","17:39:00","A2","","8F95","33909",10017,"1.0H",,"","0171",0.003,.128,.000,.000,.000,.000,.128,.000,.000,0.00,0.00,0.0,0.0,100.0
"19/04/25","17:39:00","A2","","8F96","33909",10017,"1.0H",,"","0171",0.003,.128,.000,.000,.000,.000,.128,.000,.000,0.00,0.00,0.0,0.0,100.0
"19/04/25","17:39:00","A2","","8F97","33909",10017,"1.0H",,"","0171",0.003,.128,.000,.000,.000,.000,.128,.000,.000,0.00,0.00,0.0,0.0,100.0
"19/04/25","17:39:00","A2","","8F98","33909",10017,"1.0H",,"","0171",0.003,.128,.000,.000,.000,.000,.128,.000,.000,0.00,0.00,0.0,0.0,100.0
"19/04/25","17:39:00","A2","","8F9C","33909",10017,"1.0H",,"","0171",0.003,.128,.000,.000,.000,.000,.128,.000,.000,0.00,0.00,0.0,0.0,100.0
"19/04/25","17:39:00","A2","","8F9D","33909",10017,"1.0H",,"","0171",0.003,.064,.000,.000,.000,.000,.064,.000,.000,0.00,0.00,0.0,0.0,100.0
"19/04/25","17:39:00","A2","","8FAC","33909",10017,"1.0H",,"","0171",0.003,.128,.000,.000,.000,.000,.128,.000,.000,0.00,0.00,0.0,0.0,100.0
"19/04/25","17:39:00","A2","","8FAD","33909",10017,"1.0H",,"","0171",0.003,.128,.000,.000,.000,.000,.128,.000,.000,0.00,0.00,0.0,0.0,100.0
"19/04/25","17:39:00","A2","","8FB0","33909",10017,"1.0H",,"","0171",0.003,.128,.000,.000,.000,.000,.128,.000,.000,0.00,0.00,0.0,0.0,100.0
"19/04/25","17:39:00","A2","","","",,"LCU",,"","0171",0.033,.122,.000,.000,.000,.000,.122,.000,.000,0.00,0.00,0.0,0.0,100.0
"19/04/25","17:39:00","A2","","C092","33909",10017,"YCDS01",1.0,"H","019E",2.345,.613,.000,.000,.012,.000,.129,.004,.480,0.11,0.11,0.0,14.0,100.0
"19/04/25","17:39:00","A2","","C093","33909",10017,"TMP001",1.0,"H","019E",0.000,.000,.000,.000,.000,.000,.000,.000,.000,0.00,0.00,0.0,0.0,100.0
"19/04/25","17:39:00","A2","","C094","33909",10017,"YDSA1A",1.0,"H","019E",0.000,.000,.000,.000,.000,.000,.000,.000,.000,0.00,0.00,0.0,2.0,100.0
"19/04/25","17:39:00","A2","","C095","33909",10017,"YDSA1B",1.0,"H","019E",0.000,.000,.000,.000,.000,.000,.000,.000,.000,0.00,0.00,0.0,1.0,100.0
"19/04/25","17:39:00","A2","SGLOGRA1","C096","33909",10017,"YLGR11",1.0,"H","019E",0.017,.166,.000,.000,.000,.000,.090,.000,.077,0.00,0.00,0.0,0.0,100.0
"19/04/25","17:39:00","A2","","C097","33909",10017,"YSYZ2A",1.0,"H","019E",0.098,.245,.000,.000,.000,.000,.102,.000,.143,0.00,0.00,0.0,188,100.0
"19/04/25","17:39:00","A2","","C098","33909",10017,"YSYZ2B",1.0,"H","019E",0.030,.142,.000,.000,.000,.000,.078,.000,.064,0.00,0.00,0.0,142,100.0
"19/04/25","17:39:00","A2","","C099","33909",10017,"YSYZ2C",1.0,"H","019E",0.000,.000,.000,.000,.000,.000,.000,.000,.000,0.00,0.00,0.0,1.0,100.0
"19/04/25","17:39:00","A2","","C09A","33909",10017,"YSYZ2D",1.0,"H","019E",0.047,.311,.000,.000,.000,.000,.096,.000,.215,0.00,0.00,0.0,54.0,100.0
"19/04/25","17:39:00","A2","","C09B","33909",10017,"YSYZ2E",1.0,"H","019E",3.648,.221,.000,.000,.000,.000,.078,.000,.142,0.05,0.05,0.0,124,100.0
"19/04/25","17:39:00","A2","","C09C","33909",10017,"YMQL11",1.0,"H","019E",7.430,.191,.000,.000,.000,.000,.073,.037,.081,0.06,0.09,0.0,1.0,100.0
"19/04/25","17:39:00","A2","","C09D","33909",10017,"YMQL12",1.0,"H","019E",3.180,.254,.000,.000,.000,.000,.070,.084,.100,0.03,0.06,0.0,1.0,100.0
"19/04/25","17:39:00","A2","","C09E","33909",10017,"YMQL13",1.0,"H","019E",0.000,.000,.000,.000,.000,.000,.000,.000,.000,0.00,0.00,0.0,0.0,100.0
"19/04/25","17:39:00","A2","","C09F","33909",10017,"YMQL14",1.0,"H","019E",0.000,.000,.000,.000,.000,.000,.000,.000,.000,0.00,0.00,0.0,0.0,100.0
"19/04/25","17:39:00","A2","","C0A0","33909",10017,"YMQP11",1.0,"H","019E",0.000,.000,.000,.000,.000,.000,.000,.000,.000,0.00,0.00,0.0,2.0,100.0
"19/04/25","17:39:00","A2","","C0A1","33909",10017,"YWAS11",1.0,"H","019E",0.000,.000,.000,.000,.000,.000,.000,.000,.000,0.00,0.00,0.0,0.0,100.0
"19/04/25","17:39:00","A2","","C0A2","33909",10017,"YDBL01",1.0,"H","019E",0.000,.000,.000,.000,.000,.000,.000,.000,.000,0.00,0.00,0.0,0.0,100.0
"19/04/25","17:39:00","A2","","C0A3","33909",10017,"YDBL02",1.0,"H","019E",0.000,.000,.000,.000,.000,.000,.000,.000,.000,0.00,0.00,0.0,1.0,100.0
"19/04/25","17:39:00","A2","","C0A4","33909",10017,"YDBL06",1.0,"H","019E",372.536,.542,.000,.000,.000,.000,.070,.273,.200,7.45,17.61,0.0,2.0,100.0
"19/04/25","17:39:00","A2","","C0A5","33909",10017,"YDBL05",1.0,"H","019E",459.658,.540,.000,.000,.000,.000,.070,.270,.200,9.21,21.62,0.0,2.0,100.0
"19/04/25","17:39:00","A2","ARCASG","C0A6","33909",10017,"YDBA01",1.0,"H","019E",23.387,1.41,.000,.000,.000,.000,.073,.554,.783,1.83,3.13,0.0,0.0,100.0
"19/04/25","17:39:00","A2","ARCASG","C0A7","33909",10017,"YDBA02",1.0,"H","019E",0.287,.811,.000,.000,.000,.000,.092,.156,.563,0.02,0.02,0.0,0.0,100.0
"19/04/25","17:39:00","A2","ARCASG","C0A8","33909",10017,"YDBA03",1.0,"H","019E",0.097,.746,.000,.000,.000,.000,.086,.247,.413,0.00,0.01,0.0,0.0,100.0
"19/04/25","17:39:00","A2","ARCASG","C0A9","33909",10017,"YDBA04",1.0,"H","019E",11.702,1.22,.000,.000,.000,.000,.071,.408,.742,0.87,1.35,0.0,0.0,100.0
"19/04/25","17:39:00","A2","DBAGSG","C0AA","33909",10017,"YDBU01",1.0,"H","019E",0.937,3.58,.000,.002,.000,.000,.084,2.25,1.24,0.12,0.33,0.0,3.0,100.0
"19/04/25","17:39:00","A2","DBAGSG","C0AB","33909",10017,"YDBU02",1.0,"H","019E",0.017,.192,.000,.000,.000,.000,.115,.000,.077,0.00,0.00,0.0,0.0,100.0
"19/04/25","17:39:00","A2","DBAGSG","C0AC","33909",10017,"YDBU03",1.0,"H","019E",0.017,.179,.000,.000,.000,.000,.115,.000,.064,0.00,0.00,0.0,3.0,100.0
"19/04/25","17:39:00","A2","DBAGSG","C0AD","33909",10017,"YDBU04",1.0,"H","019E",0.017,.205,.000,.000,.000,.000,.128,.000,.077,0.00,0.00,0.0,2.0,100.0
"19/04/25","17:39:00","A2","DBAGSG","C0AE","33909",10017,"YDBU05",1.0,"H","019E",0.055,.687,.000,.000,.000,.000,.085,.237,.365,0.00,0.00,0.0,1.0,100.0
"19/04/25","17:39:00","A2","DBAGSG","C0AF","33909",10017,"YDBU06",1.0,"H","019E",1.048,.255,.000,.000,.000,.000,.077,.027,.151,0.02,0.02,0.0,1.0,100.0
"19/04/25","17:39:00","A2","DBAGSG","C0B0","33909",10017,"YDBU07",1.0,"H","019E",5.228,.924,.000,.000,.000,.000,.088,.366,.470,0.25,0.44,0.0,2.0,100.0
"19/04/25","17:39:00","A2","DBAGSG","C0B1","33909",10017,"YDBU08",1.0,"H","019E",99.974,.711,.000,.000,.000,.000,.069,.403,.240,2.40,6.42,0.0,2.0,100.0
"19/04/25","17:39:00","A2","DBAGSG","C0B2","33909",10017,"YDBU09",1.0,"H","019E",0.047,.160,.000,.000,.000,.000,.087,.000,.073,0.00,0.00,0.0,3.0,100.0
"19/04/25","17:39:00","A2","DBAGSG","C0B3","33909",10017,"YDBU0A",1.0,"H","019E",0.017,.179,.000,.000,.000,.000,.102,.000,.077,0.00,0.00,0.0,1.0,100.0
"19/04/25","17:39:00","A2","DBCSG","C0B4","33909",10017,"YDBC01",1.0,"H","019E",0.073,.422,.000,.000,.000,.000,.079,.195,.148,0.00,0.00,0.0,79.0,100.0
"19/04/25","17:39:00","A2","","C0B5","33909",10017,"YDBW01",1.0,"H","019E",0.003,.512,.000,.000,.000,.000,.064,.256,.192,0.00,0.00,0.0,21.0,100.0
"19/04/25","17:39:00","A2","","C0B6","33909",10017,"YDBB01",1.0,"H","019E",0.000,.000,.000,.000,.000,.000,.000,.000,.000,0.00,0.00,0.0,0.0,100.0
"19/04/25","17:39:00","A2","","C0B7","33909",10017,"YDBB02",1.0,"H","019E",0.052,.661,.000,.000,.000,.000,.070,.330,.260,0.00,0.00,0.0,6.0,100.0
"19/04/25","17:39:00","A2","","C0B8","33909",10017,"YDBI01",1.0,"H","019E",0.000,.000,.000,.000,.000,.000,.000,.000,.000,0.00,0.00,0.0,0.0,100.0
"19/04/25","17:39:00","A2","ARCMQSG","C0B9","33909",10017,"YMQAC1",1.0,"H","019E",17.527,.977,.000,.000,.000,.000,.069,.322,.586,1.03,1.59,0.0,0.0,100.0
"19/04/25","17:39:00","A2","ARCMQSG","C0BA","33909",10017,"YMQAC2",1.0,"H","019E",8.860,.941,.000,.000,.000,.000,.070,.299,.572,0.51,0.77,0.0,0.0,100.0
"19/04/25","17:39:00","A2","MBZFSSG1","C0BB","33909",10017,"YMBUR1",1.0,"H","019E",0.017,.166,.000,.000,.000,.000,.102,.000,.064,0.00,0.00,0.0,0.0,100.0
"19/04/25","17:39:00","A2","","C0BC","33909",10017,"YMBH01",1.0,"H","019E",0.000,.000,.000,.000,.000,.000,.000,.000,.000,0.00,0.00,0.0,0.0,100.0
"19/04/25","17:39:00","A2","","C0BD","33909",10017,"YGDU41",1.0,"H","019E",0.000,.000,.000,.000,.000,.000,.000,.000,.000,0.00,0.00,0.0,0.0,100.0
"19/04/25","17:39:00","A2","","C0BE","33909",10017,"YGDU42",1.0,"H","019E",0.000,.000,.000,.000,.000,.000,.000,.000,.000,0.00,0.00,0.0,0.0,100.0
"19/04/25","17:39:00","A2","","C0BF","33909",10017,"YGDU43",1.0,"H","019E",0.000,.000,.000,.000,.000,.000,.000,.000,.000,0.00,0.00,0.0,0.0,100.0
"19/04/25","17:39:00","A2","","C0C0","33909",10017,"YGDU44",1.0,"H","019E",0.000,.000,.000,.000,.000,.000,.000,.000,.000,0.00,0.00,0.0,0.0,100.0
"19/04/25","17:39:00","A2","","C0C1","33909",10017,"YGDU45",1.0,"H","019E",0.000,.000,.000,.000,.000,.000,.000,.000,.000,0.00,0.00,0.0,0.0,100.0
"19/04/25","17:39:00","A2","","C0C2","33909",10017,"YDSA1C",1.0,"H","019E",0.000,.000,.000,.000,.000,.000,.000,.000,.000,0.00,0.00,0.0,0.0,100.0
"19/04/25","17:39:00","A2","","","",,"LCU",,"","019E",1018.35,.597,.000,.000,.000,.000,.070,.291,.235,0.49,1.09,0.0,659,100.0
"19/04/25","17:39:00","A2","","C188","33909",10017,"YCOM01",1.0,"H","019F",5.770,.179,.000,.000,.000,.000,.078,.003,.097,0.06,0.06,0.0,58.0,100.0
"19/04/25","17:39:00","A2","","C189","33909",10017,"YCOM02",1.0,"H","019F",0.252,.388,.000,.000,.000,.000,.070,.176,.142,0.00,0.01,0.0,11.0,100.0
"19/04/25","17:39:00","A2","","C18A","33909",10017,"YDSA2A",1.0,"H","019F",1.510,.569,.000,.000,.000,.000,.093,.309,.167,0.03,0.07,0.0,21.0,100.0
"19/04/25","17:39:00","A2","","C18B","33909",10017,"YDSA2B",1.0,"H","019F",1.050,.576,.000,.000,.000,.000,.102,.288,.186,0.02,0.05,0.0,4.0,100.0
"19/04/25","17:39:00","A2","SGLOGRA2","C18C","33909",10017,"YLGR21",1.1,"H","019F",385.756,.836,.000,.000,.340,.000,.409,.279,.149,5.28,15.21,0.0,4.0,100.0
"19/04/25","17:39:00","A2","","C18D","33909",10017,"YWRK01",1.0,"H","019F",0.000,.000,.000,.000,.000,.000,.000,.000,.000,0.00,0.00,0.0,12.0,100.0
"19/04/25","17:39:00","A2","SGLOGRC","C18E","33909",10017,"YLGRC1",1.0,"H","019F",0.353,.598,.000,.000,.000,.000,.075,.246,.277,0.01,0.02,0.0,3.0,100.0
"19/04/25","17:39:00","A2","","C18F","33909",10017,"YSYZ2F",1.0,"H","019F",0.000,.000,.000,.000,.000,.000,.000,.000,.000,0.00,0.00,0.0,3.0,100.0
"19/04/25","17:39:00","A2","","C190","33909",10017,"YSYZ2G",1.0,"H","019F",0.000,.000,.000,.000,.000,.000,.000,.000,.000,0.00,0.00,0.0,15.0,100.0
"19/04/25","17:39:00","A2","ZFSWITSG","C191","33909",10017,"YSYZ2H",1.0,"H","019F",0.017,.179,.000,.000,.000,.000,.102,.000,.077,0.00,0.00,0.0,1.0,100.0
"19/04/25","17:39:00","A2","ZFSBBXSG","C192","33909",10017,"YSYZ2I",1.0,"H","019F",0.017,.166,.000,.000,.000,.000,.102,.000,.064,0.00,0.00,0.0,0.0,100.0
"19/04/25","17:39:00","A2","","C193","33909",10017,"YSYZ2J",1.0,"H","019F",0.000,.000,.000,.000,.000,.000,.000,.000,.000,0.00,0.00,0.0,0.0,100.0
"19/04/25","17:39:00","A2","","C194","33909",10017,"YMQL21",1.0,"H","019F",420.871,.522,.000,.000,.000,.000,.068,.265,.190,7.99,19.13,0.0,2.0,100.0
"19/04/25","17:39:00","A2","","C195","33909",10017,"YMQL22",1.0,"H","019F",415.871,.516,.000,.000,.000,.000,.067,.268,.180,7.49,18.65,0.0,2.0,100.0
"19/04/25","17:39:00","A2","","C196","33909",10017,"YMQL23",1.0,"H","019F",301.497,.514,.000,.000,.000,.000,.068,.262,.184,5.55,13.46,0.0,2.0,100.0
"19/04/25","17:39:00","A2","","C197","33909",10017,"YMQL24",1.0,"H","019F",298.997,.509,.000,.000,.000,.000,.067,.265,.177,5.29,13.22,0.0,2.0,100.0
"19/04/25","17:39:00","A2","","C198","33909",10017,"YMQP21",1.0,"H","019F",0.050,.521,.000,.000,.000,.000,.064,.290,.166,0.00,0.00,0.0,11.0,100.0
"19/04/25","17:39:00","A2","","C199","33909",10017,"YWAS21",1.0,"H","019F",0.077,.506,.000,.000,.000,.000,.058,.281,.167,0.00,0.00,0.0,2.0,100.0
"19/04/25","17:39:00","A2","","C19A","33909",10017,"YDBL03",1.0,"H","019F",0.000,.000,.000,.000,.000,.000,.000,.000,.000,0.00,0.00,0.0,0.0,100.0
"19/04/25","17:39:00","A2","","C19B","33909",10017,"YDBL04",1.0,"H","019F",0.000,.000,.000,.000,.000,.000,.000,.000,.000,0.00,0.00,0.0,0.0,100.0
"19/04/25","17:39:00","A2","","C19C","33909",10017,"YDBL08",1.0,"H","019F",488.543,.527,.000,.000,.000,.000,.069,.256,.202,9.89,22.37,0.0,3.0,100.0
"19/04/25","17:39:00","A2","","C19D","33909",10017,"YDBL07",1.0,"H","019F",392.149,.553,.000,.000,.000,.000,.070,.261,.223,8.76,18.97,0.0,3.0,100.0
"19/04/25","17:39:00","A2","ARCBSG","C19E","33909",10017,"YDBA05",1.0,"H","019F",11.782,1.47,.000,.000,.000,.000,.073,.601,.799,0.94,1.65,0.0,0.0,100.0
"19/04/25","17:39:00","A2","ARCBSG","C19F","33909",10017,"YDBA06",1.0,"H","019F",23.387,1.24,.000,.000,.000,.000,.070,.415,.757,1.77,2.74,0.0,0.0,100.0
"19/04/25","17:39:00","A2","ARCBSG","C1A0","33909",10017,"YDBA07",1.0,"H","019F",0.097,.750,.000,.000,.000,.000,.084,.230,.437,0.00,0.01,0.0,0.0,100.0
"19/04/25","17:39:00","A2","ARCBSG","C1A1","33909",10017,"YDBA08",1.0,"H","019F",0.097,.812,.000,.000,.000,.000,.086,.267,.459,0.00,0.01,0.0,0.0,100.0
"19/04/25","17:39:00","A2","DBAGSG","C1A2","33909",10017,"YDBU0B",1.1,"H","019F",142.006,.852,.000,.000,.000,.000,.069,.471,.312,4.03,10.11,0.0,7.0,100.0
"19/04/25","17:39:00","A2","DBAGSG","C1A3","33909",10017,"YDBU0C",1.0,"H","019F",0.017,.192,.000,.000,.000,.000,.115,.000,.077,0.00,0.00,0.0,0.0,100.0
"19/04/25","17:39:00","A2","DBAGSG","C1A4","33909",10017,"YDBU0D",1.0,"H","019F",7.098,2.70,.000,.001,.000,.000,.081,1.64,.979,0.69,1.86,0.0,4.0,100.0
"19/04/25","17:39:00","A2","DBAGSG","C1A5","33909",10017,"YDBU0E",1.0,"H","019F",0.107,1.19,.000,.000,.000,.000,.078,.262,.852,0.01,0.01,0.0,4.0,100.0
"19/04/25","17:39:00","A2","DBAGSG","C1A6","33909",10017,"YDBU0F",1.0,"H","019F",0.047,8.67,.000,.000,.000,.000,.110,6.04,2.52,0.01,0.04,0.0,3.0,100.0
"19/04/25","17:39:00","A2","DBAGSG","C1A7","33909",10017,"YDBU10",1.0,"H","019F",4.612,3.59,.000,.001,.000,.000,.079,2.01,1.50,0.68,1.59,0.0,8.0,100.0
"19/04/25","17:39:00","A2","DBAGSG","C1A8","33909",10017,"YDBU11",1.0,"H","019F",5.858,11.2,.000,.002,.000,.000,.096,6.86,4.29,2.40,6.24,0.0,1.0,100.0
"19/04/25","17:39:00","A2","DBAGSG","C1A9","33909",10017,"YDBU12",1.2,"H","019F",217.983,.572,.000,.000,.000,.000,.073,.271,.228,4.30,9.42,0.0,4.0,100.0
"19/04/25","17:39:00","A2","DBAGSG","C1AA","33909",10017,"YDBU13",1.0,"H","019F",3.830,12.5,.000,.002,.000,.000,.100,7.75,4.68,1.77,4.69,0.0,5.0,100.0
"19/04/25","17:39:00","A2","DBAGSG","C1AB","33909",10017,"YDBU14",1.0,"H","019F",3.445,11.9,.000,.001,.000,.000,.100,7.46,4.38,1.47,3.96,0.0,10.0,100.0
"19/04/25","17:39:00","A2","","C1AC","33909",10017,"YDBM01",1.0,"H","019F",37.855,.908,.000,.001,.215,.000,.303,.237,.368,1.39,2.29,0.0,37.0,100.0
"19/04/25","17:39:00","A2","","C1AD","33909",10017,"YDBW02",1.0,"H","019F",0.000,.000,.000,.000,.000,.000,.000,.000,.000,0.00,0.00,0.0,0.0,100.0
"19/04/25","17:39:00","A2","","C1AE","33909",10017,"YDBT01",1.0,"H","019F",0.000,.000,.000,.000,.000,.000,.000,.000,.000,0.00,0.00,0.0,0.0,100.0
"19/04/25","17:39:00","A2","","C1AF","33909",10017,"YDBT02",1.0,"H","019F",0.000,.000,.000,.000,.000,.000,.000,.000,.000,0.00,0.00,0.0,0.0,100.0
"19/04/25","17:39:00","A2","","C1B0","33909",10017,"YDBT03",1.0,"H","019F",0.000,.000,.000,.000,.000,.000,.000,.000,.000,0.00,0.00,0.0,2.0,100.0
"19/04/25","17:39:00","A2","ARCMQSG","C1B1","33909",10017,"YMQAC3",1.0,"H","019F",0.105,.595,.000,.000,.000,.000,.081,.217,.297,0.00,0.01,0.0,0.0,100.0
"19/04/25","17:39:00","A2","ARCMQSG","C1B2","33909",10017,"YMQAC4",1.0,"H","019F",0.105,.583,.000,.000,.000,.000,.081,.213,.289,0.00,0.01,0.0,0.0,100.0
"19/04/25","17:39:00","A2","MBZFSSG2","C1B3","33909",10017,"YMBUR2",1.0,"H","019F",0.048,.415,.000,.000,.000,.000,.075,.194,.146,0.00,0.00,0.0,1.0,100.0
"19/04/25","17:39:00","A2","","C1B4","33909",10017,"YMBH02",1.0,"H","019F",0.067,.509,.000,.000,.000,.000,.067,.269,.173,0.00,0.00,0.0,1.0,100.0
"19/04/25","17:39:00","A2","SMDSSG","C1B5","33909",10017,"YMQSM1",1.0,"H","019F",0.017,.166,.000,.000,.000,.000,.102,.000,.064,0.00,0.00,0.0,0.0,100.0
"19/04/25","17:39:00","A2","SMDSSG","C1B6","33909",10017,"YMQSM2",1.0,"H","019F",0.017,.166,.000,.000,.000,.000,.102,.000,.064,0.00,0.00,0.0,0.0,100.0
"19/04/25","17:39:00","A2","SMDSSG","C1B7","33909",10017,"YMQSM3",1.0,"H","019F",0.017,.192,.000,.000,.000,.000,.115,.000,.077,0.00,0.00,0.0,0.0,100.0
"19/04/25","17:39:00","A2","SMDSSG","C1B8","33909",10017,"YMQSM4",1.0,"H","019F",0.017,.192,.000,.000,.000,.000,.128,.000,.064,0.00,0.00,0.0,0.0,100.0
"19/04/25","17:39:00","A2","","C1B9","33909",10017,"YGDU51",1.0,"H","019F",0.000,.000,.000,.000,.000,.000,.000,.000,.000,0.00,0.00,0.0,0.0,100.0
"19/04/25","17:39:00","A2","","C1BA","33909",10017,"YGDU52",1.0,"H","019F",0.000,.000,.000,.000,.000,.000,.000,.000,.000,0.00,0.00,0.0,0.0,100.0
"19/04/25","17:39:00","A2","","C1BB","33909",10017,"YGDU53",1.0,"H","019F",0.000,.000,.000,.000,.000,.000,.000,.000,.000,0.00,0.00,0.0,0.0,100.0
"19/04/25","17:39:00","A2","","C1BC","33909",10017,"YGDU54",1.0,"H","019F",0.000,.000,.000,.000,.000,.000,.000,.000,.000,0.00,0.00,0.0,0.0,100.0
"19/04/25","17:39:00","A2","","C1BD","33909",10017,"YGDU55",1.0,"H","019F",0.000,.000,.000,.000,.000,.000,.000,.000,.000,0.00,0.00,0.0,0.0,100.0
"19/04/25","17:39:00","A2","","C1BE","33909",10017,"YGDU56",1.0,"H","019F",0.000,.000,.000,.000,.000,.000,.000,.000,.000,0.00,0.00,0.0,0.0,100.0
"19/04/25","17:39:00","A2","","C1BF","33909",10017,"XXC1BF",1.0,"H","019F",0.000,.000,.000,.000,.000,.000,.000,.000,.000,0.00,0.00,0.0,0.0,100.0
"19/04/25","17:39:00","A2","","C1C0","33909",10017,"XXC1C0",1.0,"H","019F",0.000,.000,.000,.000,.000,.000,.000,.000,.000,0.00,0.00,0.0,0.0,100.0
"19/04/25","17:39:00","A2","","C1C1","33909",10017,"XXC1C1",1.0,"H","019F",0.000,.000,.000,.000,.000,.000,.000,.000,.000,0.00,0.00,0.0,0.0,100.0
"19/04/25","17:39:00","A2","","C1C2","33909",10017,"YDSA2C",1.0,"H","019F",261.335,.492,.000,.000,.000,.000,.068,.256,.168,4.38,11.08,0.0,4.0,100.0
"19/04/25","17:39:00","A2","","","",,"LCU",,"","019F",3432.73,.637,.000,.000,.041,.000,.110,.307,.221,1.26,3.00,0.0,250,100.0
"19/04/25","17:39:00","F1","","26BA","33909",10017,"TCAZ01",,"","00A2",0.000,.000,.000,.000,.000,.000,.000,.000,.000,0.00,0.00,0.0,3.0,100.0
"19/04/25","17:39:00","F1","","26BB","33909",10017,"TCAZ02",,"","00A2",0.103,.545,.000,.000,.000,.289,.105,.000,.440,0.00,0.00,0.0,0.0,100.0
"19/04/25","17:39:00","F1","","26C9","33909",10017,"JDOC01",,"","00A2",0.000,.000,.000,.000,.000,.000,.000,.000,.000,0.00,0.00,0.0,0.0,100.0
"19/04/25","17:39:00","F1","","26CA","33909",10017,"JDOC02",,"","00A2",0.000,.000,.000,.000,.000,.000,.000,.000,.000,0.00,0.00,0.0,0.0,100.0
"19/04/25","17:39:00","F1","","26CB","33909",10017,"JDOC03",,"","00A2",0.000,.000,.000,.000,.000,.000,.000,.000,.000,0.00,0.00,0.0,0.0,100.0
"19/04/25","17:39:00","F1","","26CC","33909",10017,"JDOC04",,"","00A2",0.000,.000,.000,.000,.000,.000,.000,.000,.000,0.00,0.00,0.0,0.0,100.0
"19/04/25","17:39:00","F1","","26CD","33909",10017,"JDOC05",,"","00A2",0.000,.000,.000,.000,.000,.000,.000,.000,.000,0.00,0.00,0.0,0.0,100.0
"19/04/25","17:39:00","F1","","","",,"LCU",,"","00A2",0.103,.545,.000,.000,.000,.289,.105,.000,.440,0.00,0.00,0.0,3.0,100.0
"19/04/25","17:39:00","F1","","8D80","33909",10017,"TCAZ03",1.0,"H","016F",8.202,.279,.000,.010,.019,.000,.147,.000,.132,0.11,0.11,0.2,8.0,100.0
"19/04/25","17:39:00","F1","DOC2SG","8D81","33909",10017,"YDOC01",1.0,"H","016F",0.127,1.05,.000,.002,.000,.222,.126,.000,.928,0.01,0.01,0.0,0.0,100.0
"19/04/25","17:39:00","F1","DOC2SG","8D82","33909",10017,"YDOC02",1.0,"H","016F",0.017,.230,.000,.013,.000,.038,.128,.000,.102,0.00,0.00,0.0,0.0,100.0
"19/04/25","17:39:00","F1","DOC2SG","8D83","33909",10017,"YDOC03",1.0,"H","016F",0.017,.230,.000,.000,.000,.051,.128,.000,.102,0.00,0.00,0.0,0.0,100.0
"19/04/25","17:39:00","F1","DOC2SG","8D84","33909",10017,"YDOC04",1.0,"H","016F",0.018,.244,.000,.012,.000,.000,.140,.000,.105,0.00,0.00,0.0,0.0,100.0
"19/04/25","17:39:00","F1","DOC2SG","8D85","33909",10017,"YDOC05",1.0,"H","016F",0.017,.230,.000,.013,.000,.000,.128,.000,.102,0.00,0.00,0.0,0.0,100.0
"19/04/25","17:39:00","F1","DOC2SG","8D86","33909",10017,"YDOC06",1.0,"H","016F",0.017,.205,.000,.000,.000,.269,.115,.000,.090,0.00,0.00,0.0,0.0,100.0
"19/04/25","17:39:00","F1","DOC2SG","8D87","33909",10017,"YDOC07",1.0,"H","016F",0.017,.218,.000,.000,.000,.154,.128,.000,.090,0.00,0.00,0.0,0.0,100.0
"19/04/25","17:39:00","F1","DOC2SG","8D88","33909",10017,"YDOC08",1.0,"H","016F",0.017,.230,.000,.013,.000,.000,.115,.000,.115,0.00,0.00,0.0,0.0,100.0
"19/04/25","17:39:00","F1","DOC2SG","8D89","33909",10017,"YDOC09",1.0,"H","016F",0.017,.218,.000,.000,.000,.051,.128,.000,.090,0.00,0.00,0.0,0.0,100.0
"19/04/25","17:39:00","F1","DOC2SG","8D8A","33909",10017,"YDOC10",1.0,"H","016F",0.017,.243,.000,.013,.000,.179,.128,.000,.115,0.00,0.00,0.0,0.0,100.0
"19/04/25","17:39:00","F1","DOC2SG","8D8B","33909",10017,"YDOC11",1.0,"H","016F",0.017,.243,.000,.000,.000,.154,.128,.000,.115,0.00,0.00,0.0,0.0,100.0
"19/04/25","17:39:00","F1","DOC2SG","8D8C","33909",10017,"YDOC12",1.0,"H","016F",0.017,.230,.000,.000,.000,.051,.128,.000,.102,0.00,0.00,0.0,0.0,100.0
"19/04/25","17:39:00","F1","DOC2SG","8D8D","33909",10017,"YDOC13",1.0,"H","016F",0.017,.230,.000,.013,.000,.269,.128,.000,.102,0.00,0.00,0.0,0.0,100.0
"19/04/25","17:39:00","F1","DOC2SG","8D8E","33909",10017,"YDOC14",1.0,"H","016F",0.017,.205,.000,.000,.000,.090,.115,.000,.090,0.00,0.00,0.0,0.0,100.0
"19/04/25","17:39:00","F1","DOC2SG","8D8F","33909",10017,"YDOC15",1.0,"H","016F",0.017,.205,.000,.000,.000,.115,.115,.000,.090,0.00,0.00,0.0,0.0,100.0
"19/04/25","17:39:00","F1","SLOG2SG","8D90","33909",10017,"YSLG01",1.0,"H","016F",19.253,.874,.346,.001,.000,.000,.118,.258,.152,0.29,0.79,0.0,1.0,100.0
"19/04/25","17:39:00","F1","SLOG2SG","8D91","33909",10017,"YSLG02",1.0,"H","016F",19.333,.857,.345,.001,.000,.000,.118,.250,.144,0.28,0.76,0.0,0.0,100.0
"19/04/25","17:39:00","F1","SLOG2SG","8D92","33909",10017,"YSLG03",1.0,"H","016F",20.777,7.76,.241,.002,.000,.000,.120,.154,7.25,15.06,15.38,0.0,0.2,100.0
"19/04/25","17:39:00","F1","DMPEXSG","8D93","33909",10017,"YDMP01",1.0,"H","016F",0.017,.218,.000,.000,.000,.000,.128,.000,.090,0.00,0.00,0.0,0.0,100.0
"19/04/25","17:39:00","F1","DMPEXSG","8D94","33909",10017,"YDMP02",1.0,"H","016F",0.017,.230,.000,.000,.000,.205,.141,.000,.090,0.00,0.00,0.0,0.0,100.0
"19/04/25","17:39:00","F1","TMPSG","8D95","33909",10017,"YTMP01",1.0,"H","016F",0.017,.218,.000,.000,.000,.115,.128,.000,.090,0.00,0.00,0.0,0.0,100.0
"19/04/25","17:39:00","F1","TMPSG","8D96","33909",10017,"YTMP02",1.0,"H","016F",0.017,.230,.000,.000,.000,.000,.128,.000,.102,0.00,0.00,0.0,0.0,100.0
"19/04/25","17:39:00","F1","TMPSG","8D97","33909",10017,"YTMP03",1.0,"H","016F",0.017,.230,.000,.000,.000,.000,.128,.000,.102,0.00,0.00,0.0,0.0,100.0
"19/04/25","17:39:00","F1","TMPSG","8D98","33909",10017,"YTMP04",1.0,"H","016F",0.017,.230,.000,.000,.000,.102,.128,.000,.102,0.00,0.00,0.0,0.0,100.0
"19/04/25","17:39:00","F1","TMPSG","8D99","33909",10017,"YTMP05",1.0,"H","016F",0.017,.230,.000,.000,.000,.000,.128,.000,.102,0.00,0.00,0.0,0.0,100.0
"19/04/25","17:39:00","F1","","8DD0","33909",10017,"YSGZ2A",1.0,"H","016F",0.025,.256,.000,.009,.000,.000,.119,.000,.137,0.00,0.00,0.0,245,100.0
"19/04/25","17:39:00","F1","","8DD1","33909",10017,"YSGZ2B",1.0,"H","016F",0.000,.000,.000,.000,.000,.000,.000,.000,.000,0.00,0.00,0.0,170,100.0
"19/04/25","17:39:00","F1","","8DD2","33909",10017,"YSGZ2C",1.0,"H","016F",0.000,.000,.000,.000,.000,.000,.000,.000,.000,0.00,0.00,0.0,1.0,100.0
"19/04/25","17:39:00","F1","","8DD3","33909",10017,"YSGZ2D",1.0,"H","016F",0.000,.000,.000,.000,.000,.000,.000,.000,.000,0.00,0.00,0.0,0.0,100.0
"19/04/25","17:39:00","F1","","8DD4","33909",10017,"YSGZ2E",1.0,"H","016F",2.668,.379,.000,.003,.000,.000,.121,.000,.258,0.07,0.07,0.0,86.0,100.0
"19/04/25","17:39:00","F1","","8DD5","33909",10017,"YSGZ2F",1.0,"H","016F",0.033,.262,.000,.000,.000,.000,.128,.000,.134,0.00,0.00,0.0,1.0,100.0
"19/04/25","17:39:00","F1","","8DD6","33909",10017,"YSGZ2G",1.0,"H","016F",0.100,.241,.000,.000,.000,.000,.122,.000,.119,0.00,0.00,0.0,3.0,100.0
"19/04/25","17:39:00","F1","ZFSWIGSG","8DD7","33909",10017,"YSGZ2H",1.0,"H","016F",0.018,.221,.000,.000,.000,.000,.128,.000,.093,0.00,0.00,0.0,0.0,100.0
"19/04/25","17:39:00","F1","","8DD8","33909",10017,"YDSF1A",1.0,"H","016F",6.252,.347,.000,.002,.000,.029,.126,.002,.220,0.14,0.14,0.0,31.0,100.0
"19/04/25","17:39:00","F1","","8DD9","33909",10017,"YDSF2A",1.0,"H","016F",0.000,.000,.000,.000,.000,.000,.000,.000,.000,0.00,0.00,0.0,0.0,100.0
"19/04/25","17:39:00","F1","","8DDA","33909",10017,"YDSS1A",1.0,"H","016F",0.000,.000,.000,.000,.000,.000,.000,.000,.000,0.00,0.00,0.0,0.0,100.0
"19/04/25","17:39:00","F1","","8DDB","33909",10017,"YDSK1A",1.0,"H","016F",0.000,.000,.000,.000,.000,.000,.000,.000,.000,0.00,0.00,0.0,0.0,100.0
"19/04/25","17:39:00","F1","","8DDC","33909",10017,"YCDG01",1.0,"H","016F",0.000,.000,.000,.000,.000,.000,.000,.000,.000,0.00,0.00,0.0,0.0,100.0
"19/04/25","17:39:00","F1","","8DDD","33909",10017,"YCOG01",1.0,"H","016F",3.427,.269,.000,.001,.000,.000,.120,.000,.149,0.05,0.05,0.0,56.0,100.0
"19/04/25","17:39:00","F1","","8DDE","33909",10017,"YCOG02",1.0,"H","016F",0.100,.314,.000,.002,.000,.000,.126,.000,.188,0.00,0.00,0.0,9.0,100.0
"19/04/25","17:39:00","F1","","8DDF","33909",10017,"YWRG01",1.0,"H","016F",47.877,.260,.000,.001,.000,.000,.119,.000,.141,0.68,0.68,0.0,16.4,100.0
"19/04/25","17:39:00","F1","","","",,"LCU",,"","016F",128.544,1.66,.143,.002,.001,.002,.121,.101,1.30,0.40,0.43,0.0,628,100.0
"19/04/25","17:39:00","F1","","8E92","33909",10017,"YCDS02",1.0,"H","0170",0.472,.982,.000,.003,.000,.051,.138,.000,.844,0.04,0.04,0.0,14.0,100.0
"19/04/25","17:39:00","F1","","","",,"LCU",,"","0170",0.472,.982,.000,.003,.000,.051,.138,.000,.844,0.04,0.04,0.0,14.0,100.0
"19/04/25","17:39:00","F1","","C092","33909",10017,"YCDS01",1.0,"H","019E",2.947,.803,.000,.000,.004,.007,.122,.002,.678,0.20,0.20,0.0,14.0,100.0
"19/04/25","17:39:00","F1","","C094","3390",10017,"YDSA1A",1.0,"H","019E",0.013,.240,.000,.000,.000,.000,.096,.000,.144,0.00,0.00,0.0,0.0,100.0
"19/04/25","17:39:00","F1","","C095","3390",10017,"YDSA1B",1.0,"H","019E",0.007,.224,.000,.000,.000,.000,.096,.000,.128,0.00,0.00,0.0,0.0,100.0
"19/04/25","17:39:00","F1","SGLOGRA1","C096","3390",10017,"YLGR11",1.0,"H","019E",0.058,.753,.000,.000,.000,.000,.117,.000,.636,0.00,0.00,0.0,0.0,100.0
"19/04/25","17:39:00","F1","","C097","3390",10017,"YSYZ2A",1.0,"H","019E",0.007,.192,.000,.000,.000,.000,.064,.000,.128,0.00,0.00,0.0,0.0,100.0
"19/04/25","17:39:00","F1","","C098","3390",10017,"YSYZ2B",1.0,"H","019E",0.007,.192,.000,.000,.000,.000,.096,.000,.096,0.00,0.00,0.0,0.0,100.0
"19/04/25","17:39:00","F1","","C099","3390",10017,"YSYZ2C",1.0,"H","019E",0.007,.192,.000,.000,.000,.000,.096,.000,.096,0.00,0.00,0.0,0.0,100.0
"19/04/25","17:39:00","F1","","C09A","3390",10017,"YSYZ2D",1.0,"H","019E",0.007,.192,.000,.000,.000,.000,.096,.000,.096,0.00,0.00,0.0,0.0,100.0
"19/04/25","17:39:00","F1","","C09B","3390",10017,"YSYZ2E",1.0,"H","019E",0.007,.160,.000,.000,.000,.000,.064,.000,.096,0.00,0.00,0.0,0.0,100.0
"19/04/25","17:39:00","F1","","C09C","3390",10017,"YMQL11",1.0,"H","019E",0.007,.192,.000,.000,.000,.000,.096,.000,.096,0.00,0.00,0.0,0.0,100.0
"19/04/25","17:39:00","F1","","C09D","3390",10017,"YMQL12",1.0,"H","019E",0.007,.192,.000,.000,.000,.000,.096,.000,.096,0.00,0.00,0.0,0.0,100.0
"19/04/25","17:39:00","F1","","C09E","3390",10017,"YMQL13",1.0,"H","019E",0.007,.192,.000,.000,.000,.000,.096,.000,.096,0.00,0.00,0.0,0.0,100.0
"19/04/25","17:39:00","F1","","C09F","3390",10017,"YMQL14",1.0,"H","019E",0.007,.192,.000,.000,.000,.000,.096,.000,.096,0.00,0.00,0.0,0.0,100.0
"19/04/25","17:39:00","F1","","C0A0","3390",10017,"YMQP11",1.0,"H","019E",0.007,.192,.000,.000,.000,.000,.096,.000,.096,0.00,0.00,0.0,0.0,100.0
"19/04/25","17:39:00","F1","","C0A1","3390",10017,"YWAS11",1.0,"H","019E",0.007,.192,.000,.000,.000,.000,.096,.000,.096,0.00,0.00,0.0,0.0,100.0
"19/04/25","17:39:00","F1","","C0A2","3390",10017,"YDBL01",1.0,"H","019E",0.007,.160,.000,.000,.000,.000,.064,.000,.096,0.00,0.00,0.0,0.0,100.0
"19/04/25","17:39:00","F1","","C0A3","3390",10017,"YDBL02",1.0,"H","019E",0.007,.192,.000,.000,.000,.000,.096,.000,.096,0.00,0.00,0.0,0.0,100.0
"19/04/25","17:39:00","F1","","C0A4","3390",10017,"YDBL06",1.0,"H","019E",0.007,.160,.000,.000,.000,.000,.064,.000,.096,0.00,0.00,0.0,0.0,100.0
"19/04/25","17:39:00","F1","","C0A5","3390",10017,"YDBL05",1.0,"H","019E",0.007,.192,.000,.000,.000,.000,.096,.000,.096,0.00,0.00,0.0,0.0,100.0
"19/04/25","17:39:00","F1","ARCASG","C0A6","3390",10017,"YDBA01",1.0,"H","019E",0.023,.183,.000,.000,.000,.000,.110,.000,.073,0.00,0.00,0.0,0.0,100.0
"19/04/25","17:39:00","F1","ARCASG","C0A7","3390",10017,"YDBA02",1.0,"H","019E",0.023,.174,.000,.000,.000,.000,.101,.000,.073,0.00,0.00,0.0,0.0,100.0
"19/04/25","17:39:00","F1","ARCASG","C0A8","3390",10017,"YDBA03",1.0,"H","019E",0.023,.183,.000,.000,.000,.046,.110,.000,.073,0.00,0.00,0.0,0.0,100.0
"19/04/25","17:39:00","F1","ARCASG","C0A9","3390",10017,"YDBA04",1.0,"H","019E",0.023,.183,.000,.000,.000,.000,.110,.000,.073,0.00,0.00,0.0,0.0,100.0
"19/04/25","17:39:00","F1","DBAGSG","C0AA","3390",10017,"YDBU01",1.0,"H","019E",0.023,.174,.000,.000,.000,.000,.101,.000,.073,0.00,0.00,0.0,0.0,100.0
"19/04/25","17:39:00","F1","DBAGSG","C0AB","3390",10017,"YDBU02",1.0,"H","019E",0.023,.155,.000,.000,.000,.000,.091,.000,.064,0.00,0.00,0.0,0.0,100.0
"19/04/25","17:39:00","F1","DBAGSG","C0AC","3390",10017,"YDBU03",1.0,"H","019E",0.023,.174,.000,.000,.000,.000,.101,.000,.073,0.00,0.00,0.0,0.0,100.0
"19/04/25","17:39:00","F1","DBAGSG","C0AD","3390",10017,"YDBU04",1.0,"H","019E",0.023,.183,.000,.000,.000,.073,.101,.000,.082,0.00,0.00,0.0,0.0,100.0
"19/04/25","17:39:00","F1","DBAGSG","C0AE","3390",10017,"YDBU05",1.0,"H","019E",0.023,.183,.000,.000,.000,.000,.110,.000,.073,0.00,0.00,0.0,0.0,100.0
"19/04/25","17:39:00","F1","DBAGSG","C0AF","3390",10017,"YDBU06",1.0,"H","019E",0.023,.183,.000,.000,.000,.018,.101,.000,.082,0.00,0.00,0.0,0.0,100.0
"19/04/25","17:39:00","F1","DBAGSG","C0B0","3390",10017,"YDBU07",1.0,"H","019E",0.023,.174,.000,.000,.000,.658,.101,.000,.073,0.00,0.00,0.0,0.0,100.0
"19/04/25","17:39:00","F1","DBAGSG","C0B1","3390",10017,"YDBU08",1.0,"H","019E",0.023,.165,.000,.000,.000,.000,.101,.000,.064,0.00,0.00,0.0,0.0,100.0
"19/04/25","17:39:00","F1","DBAGSG","C0B2","3390",10017,"YDBU09",1.0,"H","019E",0.023,.183,.000,.000,.000,.000,.101,.000,.082,0.00,0.00,0.0,0.0,100.0
"19/04/25","17:39:00","F1","DBAGSG","C0B3","3390",10017,"YDBU0A",1.0,"H","019E",0.023,.174,.000,.000,.000,.000,.091,.000,.082,0.00,0.00,0.0,0.0,100.0
"19/04/25","17:39:00","F1","DBCSG","C0B4","3390",10017,"YDBC01",1.0,"H","019E",0.023,.174,.000,.000,.000,.037,.101,.000,.073,0.00,0.00,0.0,0.0,100.0
"19/04/25","17:39:00","F1","","C0B5","3390",10017,"YDBW01",1.0,"H","019E",0.007,.192,.000,.000,.000,.000,.096,.000,.096,0.00,0.00,0.0,0.0,100.0
"19/04/25","17:39:00","F1","","C0B6","3390",10017,"YDBB01",1.0,"H","019E",0.007,.160,.000,.000,.000,.000,.064,.000,.096,0.00,0.00,0.0,0.0,100.0
"19/04/25","17:39:00","F1","","C0B7","3390",10017,"YDBB02",1.0,"H","019E",0.007,.160,.000,.000,.000,.000,.064,.000,.096,0.00,0.00,0.0,0.0,100.0
"19/04/25","17:39:00","F1","","C0B8","3390",10017,"YDBI01",1.0,"H","019E",0.007,.192,.000,.000,.000,.000,.096,.000,.096,0.00,0.00,0.0,0.0,100.0
"19/04/25","17:39:00","F1","ARCMQSG","C0B9","3390",10017,"YMQAC1",1.0,"H","019E",0.023,.183,.000,.000,.000,.119,.110,.000,.073,0.00,0.00,0.0,0.0,100.0
"19/04/25","17:39:00","F1","ARCMQSG","C0BA","3390",10017,"YMQAC2",1.0,"H","019E",0.023,.183,.000,.000,.000,.046,.101,.000,.082,0.00,0.00,0.0,0.0,100.0
"19/04/25","17:39:00","F1","MBZFSSG1","C0BB","3390",10017,"YMBUR1",1.0,"H","019E",0.023,.174,.000,.000,.000,.110,.101,.000,.073,0.00,0.00,0.0,0.0,100.0
"19/04/25","17:39:00","F1","","C0BC","3390",10017,"YMBH01",1.0,"H","019E",0.007,.224,.000,.000,.000,.000,.096,.000,.128,0.00,0.00,0.0,0.0,100.0
"19/04/25","17:39:00","F1","","C0C2","3390",10017,"YDSA1C",1.0,"H","019E",0.007,.192,.000,.000,.000,.000,.096,.000,.096,0.00,0.00,0.0,0.0,100.0
"19/04/25","17:39:00","F1","","","",,"LCU",,"","019E",3.585,.702,.000,.000,.003,.013,.118,.002,.581,0.00,0.00,0.0,14.0,100.0
"19/04/25","17:39:00","F1","","C188","3390",10017,"YCOM01",1.0,"H","019F",0.013,.224,.000,.000,.000,.000,.096,.000,.128,0.00,0.00,0.0,0.0,100.0
"19/04/25","17:39:00","F1","","C189","3390",10017,"YCOM02",1.0,"H","019F",0.060,.725,.000,.000,.000,.085,.103,.000,.622,0.00,0.00,0.0,0.0,100.0
"19/04/25","17:39:00","F1","","C18A","3390",10017,"YDSA2A",1.0,"H","019F",0.007,.224,.000,.000,.000,.000,.096,.000,.128,0.00,0.00,0.0,0.0,100.0
"19/04/25","17:39:00","F1","","C18B","3390",10017,"YDSA2B",1.0,"H","019F",0.007,.192,.000,.000,.000,.000,.096,.000,.096,0.00,0.00,0.0,0.0,100.0
"19/04/25","17:39:00","F1","SGLOGRA2","C18C","3390",10017,"YLGR21",1.0,"H","019F",0.030,.491,.000,.000,.000,.057,.107,.000,.384,0.00,0.00,0.0,0.0,100.0
"19/04/25","17:39:00","F1","","C18D","3390",10017,"YWRK01",1.0,"H","019F",0.007,.192,.000,.000,.000,.000,.096,.000,.096,0.00,0.00,0.0,0.0,100.0
"19/04/25","17:39:00","F1","SGLOGRC","C18E","3390",10017,"YLGRC1",1.0,"H","019F",0.023,.183,.000,.000,.000,.219,.110,.000,.073,0.00,0.00,0.0,0.0,100.0
"19/04/25","17:39:00","F1","","C18F","3390",10017,"YSYZ2F",1.0,"H","019F",0.007,.192,.000,.000,.000,.000,.096,.000,.096,0.00,0.00,0.0,0.0,100.0
"19/04/25","17:39:00","F1","","C190","3390",10017,"YSYZ2G",1.0,"H","019F",0.007,.224,.000,.000,.000,.000,.096,.000,.128,0.00,0.00,0.0,0.0,100.0
"19/04/25","17:39:00","F1","ZFSWITSG","C191","3390",10017,"YSYZ2H",1.0,"H","019F",0.023,.174,.000,.000,.000,.229,.101,.000,.073,0.00,0.00,0.0,0.0,100.0
"19/04/25","17:39:00","F1","ZFSBBXSG","C192","3390",10017,"YSYZ2I",1.0,"H","019F",0.023,.201,.000,.000,.000,.073,.119,.000,.082,0.00,0.00,0.0,0.0,100.0
"19/04/25","17:39:00","F1","","C193","3390",10017,"YSYZ2J",1.0,"H","019F",0.007,.160,.000,.000,.000,.000,.096,.000,.064,0.00,0.00,0.0,0.0,100.0
"19/04/25","17:39:00","F1","","C194","3390",10017,"YMQL21",1.0,"H","019F",0.007,.192,.000,.000,.000,.000,.096,.000,.096,0.00,0.00,0.0,0.0,100.0
"19/04/25","17:39:00","F1","","C195","3390",10017,"YMQL22",1.0,"H","019F",0.007,.192,.000,.000,.000,.000,.096,.000,.096,0.00,0.00,0.0,0.0,100.0
"19/04/25","17:39:00","F1","","C196","3390",10017,"YMQL23",1.0,"H","019F",0.007,.192,.000,.000,.000,.000,.096,.000,.096,0.00,0.00,0.0,0.0,100.0
"19/04/25","17:39:00","F1","","C197","3390",10017,"YMQL24",1.0,"H","019F",0.007,.192,.000,.000,.000,.000,.096,.000,.096,0.00,0.00,0.0,0.0,100.0
"19/04/25","17:39:00","F1","","C198","3390",10017,"YMQP21",1.0,"H","019F",0.007,.192,.000,.000,.000,.000,.096,.000,.096,0.00,0.00,0.0,0.0,100.0
"19/04/25","17:39:00","F1","","C199","3390",10017,"YWAS21",1.0,"H","019F",0.007,.192,.000,.000,.000,.000,.096,.000,.096,0.00,0.00,0.0,0.0,100.0
"19/04/25","17:39:00","F1","","C19A","3390",10017,"YDBL03",1.0,"H","019F",0.007,.224,.000,.000,.000,.000,.128,.000,.096,0.00,0.00,0.0,0.0,100.0
"19/04/25","17:39:00","F1","","C19B","3390",10017,"YDBL04",1.0,"H","019F",0.007,.224,.000,.000,.000,.000,.096,.000,.128,0.00,0.00,0.0,0.0,100.0
"19/04/25","17:39:00","F1","","C19C","3390",10017,"YDBL08",1.0,"H","019F",0.007,.192,.000,.000,.000,.000,.096,.000,.096,0.00,0.00,0.0,0.0,100.0
"19/04/25","17:39:00","F1","","C19D","3390",10017,"YDBL07",1.0,"H","019F",0.007,.192,.000,.000,.000,.000,.096,.000,.096,0.00,0.00,0.0,0.0,100.0
"19/04/25","17:39:00","F1","ARCBSG","C19E","3390",10017,"YDBA05",1.0,"H","019F",0.023,.183,.000,.000,.000,.210,.101,.000,.082,0.00,0.00,0.0,0.0,100.0
"19/04/25","17:39:00","F1","ARCBSG","C19F","3390",10017,"YDBA06",1.0,"H","019F",0.023,.210,.000,.000,.000,.347,.128,.000,.082,0.00,0.00,0.0,0.0,100.0
"19/04/25","17:39:00","F1","ARCBSG","C1A0","3390",10017,"YDBA07",1.0,"H","019F",0.023,.192,.000,.000,.000,.091,.110,.000,.082,0.00,0.00,0.0,0.0,100.0
"19/04/25","17:39:00","F1","ARCBSG","C1A1","3390",10017,"YDBA08",1.0,"H","019F",0.023,.229,.000,.000,.000,.009,.128,.000,.101,0.00,0.00,0.0,0.0,100.0
"19/04/25","17:39:00","F1","DBAGSG","C1A2","3390",10017,"YDBU0B",1.0,"H","019F",0.023,.210,.000,.000,.000,.091,.119,.000,.091,0.00,0.00,0.0,0.0,100.0
"19/04/25","17:39:00","F1","DBAGSG","C1A3","3390",10017,"YDBU0C",1.0,"H","019F",0.023,.192,.000,.000,.000,.128,.110,.000,.082,0.00,0.00,0.0,0.0,100.0
"19/04/25","17:39:00","F1","DBAGSG","C1A4","3390",10017,"YDBU0D",1.0,"H","019F",0.023,.183,.000,.000,.000,.283,.110,.000,.073,0.00,0.00,0.0,0.0,100.0
"19/04/25","17:39:00","F1","DBAGSG","C1A5","3390",10017,"YDBU0E",1.0,"H","019F",0.023,.174,.000,.000,.000,.165,.101,.000,.073,0.00,0.00,0.0,0.0,100.0
"19/04/25","17:39:00","F1","DBAGSG","C1A6","3390",10017,"YDBU0F",1.0,"H","019F",0.023,.183,.000,.000,.000,.311,.110,.000,.073,0.00,0.00,0.0,0.0,100.0
"19/04/25","17:39:00","F1","DBAGSG","C1A7","3390",10017,"YDBU10",1.0,"H","019F",0.023,.201,.000,.000,.000,.018,.119,.000,.082,0.00,0.00,0.0,0.0,100.0
"19/04/25","17:39:00","F1","DBAGSG","C1A8","3390",10017,"YDBU11",1.0,"H","019F",0.023,.201,.000,.000,.000,.165,.128,.000,.073,0.00,0.00,0.0,0.0,100.0
"19/04/25","17:39:00","F1","DBAGSG","C1A9","3390",10017,"YDBU12",1.0,"H","019F",0.023,.192,.000,.000,.000,.064,.101,.000,.091,0.00,0.00,0.0,0.0,100.0
"19/04/25","17:39:00","F1","DBAGSG","C1AA","3390",10017,"YDBU13",1.0,"H","019F",0.023,.165,.000,.000,.000,.247,.091,.000,.073,0.00,0.00,0.0,0.0,100.0
"19/04/25","17:39:00","F1","DBAGSG","C1AB","3390",10017,"YDBU14",1.0,"H","019F",0.023,.174,.000,.000,.000,.338,.101,.000,.073,0.00,0.00,0.0,0.0,100.0
"19/04/25","17:39:00","F1","","C1AC","3390",10017,"YDBM01",1.0,"H","019F",0.007,.160,.000,.000,.000,.000,.096,.000,.064,0.00,0.00,0.0,0.0,100.0
"19/04/25","17:39:00","F1","","C1AD","3390",10017,"YDBW02",1.0,"H","019F",0.007,.192,.000,.000,.000,.000,.096,.000,.096,0.00,0.00,0.0,0.0,100.0
"19/04/25","17:39:00","F1","","C1AE","3390",10017,"YDBT01",1.0,"H","019F",0.007,.192,.000,.000,.000,.000,.096,.000,.096,0.00,0.00,0.0,0.0,100.0
"19/04/25","17:39:00","F1","","C1AF","3390",10017,"YDBT02",1.0,"H","019F",0.007,.192,.000,.000,.000,.000,.096,.000,.096,0.00,0.00,0.0,0.0,100.0
"19/04/25","17:39:00","F1","","C1B0","3390",10017,"YDBT03",1.0,"H","019F",0.007,.224,.000,.000,.000,.000,.096,.000,.128,0.00,0.00,0.0,0.0,100.0
"19/04/25","17:39:00","F1","ARCMQSG","C1B1","3390",10017,"YMQAC3",1.0,"H","019F",0.023,.183,.000,.000,.000,.357,.101,.000,.082,0.00,0.00,0.0,0.0,100.0
"19/04/25","17:39:00","F1","ARCMQSG","C1B2","3390",10017,"YMQAC4",1.0,"H","019F",0.023,.183,.000,.000,.000,.091,.101,.000,.082,0.00,0.00,0.0,0.0,100.0
"19/04/25","17:39:00","F1","MBZFSSG2","C1B3","3390",10017,"YMBUR2",1.0,"H","019F",0.023,.201,.000,.000,.000,.201,.119,.000,.082,0.00,0.00,0.0,0.0,100.0
"19/04/25","17:39:00","F1","","C1B4","3390",10017,"YMBH02",1.0,"H","019F",0.007,.224,.000,.000,.000,.000,.096,.000,.128,0.00,0.00,0.0,0.0,100.0
"19/04/25","17:39:00","F1","SMDSSG","C1B5","3390",10017,"YMQSM1",1.0,"H","019F",0.023,.229,.000,.000,.000,.000,.137,.000,.091,0.00,0.00,0.0,0.0,100.0
"19/04/25","17:39:00","F1","SMDSSG","C1B6","3390",10017,"YMQSM2",1.0,"H","019F",0.023,.183,.000,.000,.000,.000,.101,.000,.082,0.00,0.00,0.0,0.0,100.0
"19/04/25","17:39:00","F1","SMDSSG","C1B7","3390",10017,"YMQSM3",1.0,"H","019F",0.023,.192,.000,.000,.000,.914,.110,.000,.082,0.00,0.00,0.0,0.0,100.0
"19/04/25","17:39:00","F1","SMDSSG","C1B8","3390",10017,"YMQSM4",1.0,"H","019F",0.023,.201,.000,.000,.000,.128,.110,.000,.091,0.00,0.00,0.0,0.0,100.0
"19/04/25","17:39:00","F1","","C1BF","3390",10017,"XXC1BF",1.0,"H","019F",0.007,.160,.000,.000,.000,.000,.064,.000,.096,0.00,0.00,0.0,0.0,100.0
"19/04/25","17:39:00","F1","","C1C0","3390",10017,"XXC1C0",1.0,"H","019F",0.007,.192,.000,.000,.000,.000,.096,.000,.096,0.00,0.00,0.0,0.0,100.0
"19/04/25","17:39:00","F1","","C1C1","3390",10017,"XXC1C1",1.0,"H","019F",0.007,.160,.000,.000,.000,.000,.064,.000,.096,0.00,0.00,0.0,0.0,100.0
"19/04/25","17:39:00","F1","","C1C2","3390",10017,"YDSA2C",1.0,"H","019F",0.007,.192,.000,.000,.000,.000,.096,.000,.096,0.00,0.00,0.0,0.0,100.0
"19/04/25","17:39:00","F1","","","",,"LCU",,"","019F",0.837,.242,.000,.000,.000,.139,.107,.000,.136,0.00,0.00,0.0,0.0,100.0
"19/04/25","17:39:00","F2","","26BA","33909",10017,"TCAZ01",,"","00A2",0.000,.000,.000,.000,.000,.000,.000,.000,.000,0.00,0.00,0.0,1.0,100.0
"19/04/25","17:39:00","F2","","26BB","33909",10017,"TCAZ02",,"","00A2",0.000,.000,.000,.000,.000,.000,.000,.000,.000,0.00,0.00,0.0,0.0,100.0
"19/04/25","17:39:00","F2","","26C9","33909",10017,"JDOC01",,"","00A2",0.000,.000,.000,.000,.000,.000,.000,.000,.000,0.00,0.00,0.0,0.0,100.0
"19/04/25","17:39:00","F2","","26CA","33909",10017,"JDOC02",,"","00A2",0.103,.531,.000,.000,.000,.384,.105,.000,.425,0.00,0.00,0.0,0.0,100.0
"19/04/25","17:39:00","F2","","26CB","33909",10017,"JDOC03",,"","00A2",0.000,.000,.000,.000,.000,.000,.000,.000,.000,0.00,0.00,0.0,0.0,100.0
"19/04/25","17:39:00","F2","","26CC","33909",10017,"JDOC04",,"","00A2",0.000,.000,.000,.000,.000,.000,.000,.000,.000,0.00,0.00,0.0,0.0,100.0
"19/04/25","17:39:00","F2","","26CD","33909",10017,"JDOC05",,"","00A2",0.000,.000,.000,.000,.000,.000,.000,.000,.000,0.00,0.00,0.0,0.0,100.0
"19/04/25","17:39:00","F2","","","",,"LCU",,"","00A2",0.103,.531,.000,.000,.000,.384,.105,.000,.425,0.00,0.00,0.0,1.0,100.0
"19/04/25","17:39:00","F2","","8D80","33909",10017,"TCAZ03",1.0,"H","016F",0.200,.491,.000,.003,.000,.000,.131,.000,.359,0.01,0.01,0.0,6.0,100.0
"19/04/25","17:39:00","F2","DOC2SG","8D81","33909",10017,"YDOC01",1.0,"H","016F",0.017,.243,.000,.000,.000,.307,.128,.000,.115,0.00,0.00,0.0,0.0,100.0
"19/04/25","17:39:00","F2","DOC2SG","8D82","33909",10017,"YDOC02",1.0,"H","016F",0.017,.205,.000,.000,.000,.026,.115,.000,.090,0.00,0.00,0.0,0.0,100.0
"19/04/25","17:39:00","F2","DOC2SG","8D83","33909",10017,"YDOC03",1.0,"H","016F",0.017,.243,.000,.013,.000,.077,.141,.000,.102,0.00,0.00,0.0,0.0,100.0
"19/04/25","17:39:00","F2","DOC2SG","8D84","33909",10017,"YDOC04",1.0,"H","016F",0.015,.213,.000,.000,.000,.185,.114,.000,.100,0.00,0.00,0.0,0.0,100.0
"19/04/25","17:39:00","F2","DOC2SG","8D85","33909",10017,"YDOC05",1.0,"H","016F",0.017,.230,.000,.000,.000,.192,.128,.000,.102,0.00,0.00,0.0,0.0,100.0
"19/04/25","17:39:00","F2","DOC2SG","8D86","33909",10017,"YDOC06",1.0,"H","016F",0.015,.213,.000,.000,.000,.071,.114,.000,.100,0.00,0.00,0.0,0.0,100.0
"19/04/25","17:39:00","F2","DOC2SG","8D87","33909",10017,"YDOC07",1.0,"H","016F",0.017,.230,.000,.000,.000,.000,.128,.000,.102,0.00,0.00,0.0,0.0,100.0
"19/04/25","17:39:00","F2","DOC2SG","8D88","33909",10017,"YDOC08",1.0,"H","016F",0.017,.218,.000,.000,.000,.435,.115,.000,.102,0.00,0.00,0.0,0.0,100.0
"19/04/25","17:39:00","F2","DOC2SG","8D89","33909",10017,"YDOC09",1.0,"H","016F",0.017,.230,.000,.000,.000,.205,.128,.000,.102,0.00,0.00,0.0,0.0,100.0
"19/04/25","17:39:00","F2","DOC2SG","8D8A","33909",10017,"YDOC10",1.0,"H","016F",0.017,.230,.000,.000,.000,.000,.128,.000,.102,0.00,0.00,0.0,0.0,100.0
"19/04/25","17:39:00","F2","DOC2SG","8D8B","33909",10017,"YDOC11",1.0,"H","016F",0.017,.243,.000,.000,.000,.166,.128,.000,.115,0.00,0.00,0.0,0.0,100.0
"19/04/25","17:39:00","F2","DOC2SG","8D8C","33909",10017,"YDOC12",1.0,"H","016F",0.017,.230,.000,.013,.000,.000,.128,.000,.102,0.00,0.00,0.0,0.0,100.0
"19/04/25","17:39:00","F2","DOC2SG","8D8D","33909",10017,"YDOC13",1.0,"H","016F",0.017,.230,.000,.000,.000,.000,.128,.000,.102,0.00,0.00,0.0,0.0,100.0
"19/04/25","17:39:00","F2","DOC2SG","8D8E","33909",10017,"YDOC14",1.0,"H","016F",0.017,.218,.000,.000,.000,.384,.115,.000,.102,0.00,0.00,0.0,0.0,100.0
"19/04/25","17:39:00","F2","DOC2SG","8D8F","33909",10017,"YDOC15",1.0,"H","016F",0.017,.230,.000,.000,.000,.358,.128,.000,.102,0.00,0.00,0.0,0.0,100.0
"19/04/25","17:39:00","F2","SLOG2SG","8D90","33909",10017,"YSLG01",1.0,"H","016F",0.017,.230,.000,.000,.000,.038,.128,.000,.102,0.00,0.00,0.0,0.0,100.0
"19/04/25","17:39:00","F2","SLOG2SG","8D91","33909",10017,"YSLG02",1.0,"H","016F",0.017,.230,.000,.000,.000,.038,.128,.000,.102,0.00,0.00,0.0,1.0,100.0
"19/04/25","17:39:00","F2","SLOG2SG","8D92","33909",10017,"YSLG03",1.0,"H","016F",0.017,.218,.000,.000,.000,.000,.128,.000,.090,0.00,0.00,0.0,0.0,100.0
"19/04/25","17:39:00","F2","DMPEXSG","8D93","33909",10017,"YDMP01",1.0,"H","016F",0.017,.218,.000,.000,.000,.000,.115,.000,.102,0.00,0.00,0.0,0.0,100.0
"19/04/25","17:39:00","F2","DMPEXSG","8D94","33909",10017,"YDMP02",1.0,"H","016F",0.017,.243,.000,.000,.000,.000,.128,.000,.115,0.00,0.00,0.0,0.0,100.0
"19/04/25","17:39:00","F2","TMPSG","8D95","33909",10017,"YTMP01",1.0,"H","016F",0.017,.218,.000,.000,.000,.026,.128,.000,.090,0.00,0.00,0.0,0.0,100.0
"19/04/25","17:39:00","F2","TMPSG","8D96","33909",10017,"YTMP02",1.0,"H","016F",0.017,.230,.000,.000,.000,.115,.128,.000,.102,0.00,0.00,0.0,0.0,100.0
"19/04/25","17:39:00","F2","TMPSG","8D97","33909",10017,"YTMP03",1.0,"H","016F",0.017,.230,.000,.000,.000,.166,.128,.000,.102,0.00,0.00,0.0,0.0,100.0
"19/04/25","17:39:00","F2","TMPSG","8D98","33909",10017,"YTMP04",1.0,"H","016F",0.017,.243,.000,.026,.000,.102,.141,.000,.102,0.00,0.00,0.0,0.0,100.0
"19/04/25","17:39:00","F2","TMPSG","8D99","33909",10017,"YTMP05",1.0,"H","016F",0.017,.230,.000,.000,.000,.000,.128,.000,.102,0.00,0.00,0.0,0.0,100.0
"19/04/25","17:39:00","F2","","8DD0","33909",10017,"YSGZ2A",1.0,"H","016F",0.103,.320,.000,.002,.000,.000,.122,.000,.198,0.00,0.00,0.0,71.0,100.0
"19/04/25","17:39:00","F2","","8DD1","33909",10017,"YSGZ2B",1.0,"H","016F",0.033,.301,.000,.000,.000,.000,.134,.000,.166,0.00,0.00,0.0,50.0,100.0
"19/04/25","17:39:00","F2","","8DD2","33909",10017,"YSGZ2C",1.0,"H","016F",0.000,.000,.000,.000,.000,.000,.000,.000,.000,0.00,0.00,0.0,1.0,100.0
"19/04/25","17:39:00","F2","","8DD3","33909",10017,"YSGZ2D",1.0,"H","016F",0.000,.000,.000,.000,.000,.000,.000,.000,.000,0.00,0.00,0.0,0.0,100.0
"19/04/25","17:39:00","F2","","8DD4","33909",10017,"YSGZ2E",1.0,"H","016F",2.527,.370,.000,.001,.000,.000,.119,.000,.252,0.06,0.06,0.0,64.0,100.0
"19/04/25","17:39:00","F2","","8DD5","33909",10017,"YSGZ2F",1.0,"H","016F",0.033,.307,.000,.013,.000,.000,.141,.000,.166,0.00,0.00,0.0,1.0,100.0
"19/04/25","17:39:00","F2","","8DD6","33909",10017,"YSGZ2G",1.0,"H","016F",0.100,.252,.000,.004,.000,.000,.124,.000,.128,0.00,0.00,0.0,3.0,100.0
"19/04/25","17:39:00","F2","ZFSWIGSG","8DD7","33909",10017,"YSGZ2H",1.0,"H","016F",0.127,1.03,.000,.003,.000,.283,.125,.000,.906,0.01,0.01,0.0,0.0,100.0
"19/04/25","17:39:00","F2","","8DD8","33909",10017,"YDSF1A",1.0,"H","016F",0.000,.000,.000,.000,.000,.000,.000,.000,.000,0.00,0.00,0.0,0.0,100.0
"19/04/25","17:39:00","F2","","8DD9","33909",10017,"YDSF2A",1.0,"H","016F",3.753,.381,.000,.003,.000,.048,.129,.000,.252,0.09,0.09,0.0,28.0,100.0
"19/04/25","17:39:00","F2","","8DDA","33909",10017,"YDSS1A",1.0,"H","016F",0.000,.000,.000,.000,.000,.000,.000,.000,.000,0.00,0.00,0.0,0.0,100.0
"19/04/25","17:39:00","F2","","8DDB","33909",10017,"YDSK1A",1.0,"H","016F",0.000,.000,.000,.000,.000,.000,.000,.000,.000,0.00,0.00,0.0,0.0,100.0
"19/04/25","17:39:00","F2","","8DDC","33909",10017,"YCDG01",1.0,"H","016F",0.000,.000,.000,.000,.000,.000,.000,.000,.000,0.00,0.00,0.0,0.0,100.0
"19/04/25","17:39:00","F2","","8DDD","33909",10017,"YCOG01",1.0,"H","016F",0.747,.355,.000,.001,.000,.000,.119,.000,.235,0.02,0.02,0.0,44.0,100.0
"19/04/25","17:39:00","F2","","8DDE","33909",10017,"YCOG02",1.0,"H","016F",0.100,.311,.000,.000,.000,.000,.124,.000,.188,0.00,0.00,0.0,9.0,100.0
"19/04/25","17:39:00","F2","","8DDF","33909",10017,"YWRG01",1.0,"H","016F",0.000,.000,.000,.000,.000,.000,.000,.000,.000,0.00,0.00,0.0,0.0,100.0
"19/04/25","17:39:00","F2","","","",,"LCU",,"","016F",8.137,.376,.000,.002,.000,.032,.124,.000,.252,0.00,0.00,0.0,278,100.0
"19/04/25","17:39:00","F2","","8E92","33909",10017,"YCDS02",1.0,"H","0170",0.468,1.00,.000,.006,.000,.038,.139,.000,.865,0.04,0.04,0.0,14.0,100.0
"19/04/25","17:39:00","F2","","","",,"LCU",,"","0170",0.468,1.00,.000,.006,.000,.038,.139,.000,.865,0.04,0.04,0.0,14.0,100.0
"19/04/25","17:39:00","F2","","C092","33909",10017,"YCDS01",1.0,"H","019E",1.997,.673,.000,.001,.025,.016,.151,.025,.497,0.10,0.10,0.0,14.0,100.0
"19/04/25","17:39:00","F2","","C094","3390",10017,"YDSA1A",1.0,"H","019E",0.037,.721,.000,.000,.000,.134,.128,.000,.593,0.00,0.00,0.0,0.0,100.0
"19/04/25","17:39:00","F2","","C095","3390",10017,"YDSA1B",1.0,"H","019E",0.000,.000,.000,.000,.000,.000,.000,.000,.000,0.00,0.00,0.0,0.0,100.0
"19/04/25","17:39:00","F2","SGLOGRA1","C096","3390",10017,"YLGR11",1.0,"H","019E",0.023,.558,.000,.000,.000,.000,.110,.000,.448,0.00,0.00,0.0,0.0,100.0
"19/04/25","17:39:00","F2","","C097","3390",10017,"YSYZ2A",1.0,"H","019E",0.000,.000,.000,.000,.000,.000,.000,.000,.000,0.00,0.00,0.0,0.0,100.0
"19/04/25","17:39:00","F2","","C098","3390",10017,"YSYZ2B",1.0,"H","019E",0.000,.000,.000,.000,.000,.000,.000,.000,.000,0.00,0.00,0.0,0.0,100.0
"19/04/25","17:39:00","F2","","C099","3390",10017,"YSYZ2C",1.0,"H","019E",0.000,.000,.000,.000,.000,.000,.000,.000,.000,0.00,0.00,0.0,0.0,100.0
"19/04/25","17:39:00","F2","","C09A","3390",10017,"YSYZ2D",1.0,"H","019E",0.000,.000,.000,.000,.000,.000,.000,.000,.000,0.00,0.00,0.0,0.0,100.0
"19/04/25","17:39:00","F2","","C09B","3390",10017,"YSYZ2E",1.0,"H","019E",0.000,.000,.000,.000,.000,.000,.000,.000,.000,0.00,0.00,0.0,0.0,100.0
"19/04/25","17:39:00","F2","","C09C","3390",10017,"YMQL11",1.0,"H","019E",0.000,.000,.000,.000,.000,.000,.000,.000,.000,0.00,0.00,0.0,0.0,100.0
"19/04/25","17:39:00","F2","","C09D","3390",10017,"YMQL12",1.0,"H","019E",0.000,.000,.000,.000,.000,.000,.000,.000,.000,0.00,0.00,0.0,0.0,100.0
"19/04/25","17:39:00","F2","","C09E","3390",10017,"YMQL13",1.0,"H","019E",0.000,.000,.000,.000,.000,.000,.000,.000,.000,0.00,0.00,0.0,0.0,100.0
"19/04/25","17:39:00","F2","","C09F","3390",10017,"YMQL14",1.0,"H","019E",0.000,.000,.000,.000,.000,.000,.000,.000,.000,0.00,0.00,0.0,0.0,100.0
"19/04/25","17:39:00","F2","","C0A0","3390",10017,"YMQP11",1.0,"H","019E",0.000,.000,.000,.000,.000,.000,.000,.000,.000,0.00,0.00,0.0,0.0,100.0
"19/04/25","17:39:00","F2","","C0A1","3390",10017,"YWAS11",1.0,"H","019E",0.000,.000,.000,.000,.000,.000,.000,.000,.000,0.00,0.00,0.0,0.0,100.0
"19/04/25","17:39:00","F2","","C0A2","3390",10017,"YDBL01",1.0,"H","019E",0.000,.000,.000,.000,.000,.000,.000,.000,.000,0.00,0.00,0.0,0.0,100.0
"19/04/25","17:39:00","F2","","C0A3","3390",10017,"YDBL02",1.0,"H","019E",0.000,.000,.000,.000,.000,.000,.000,.000,.000,0.00,0.00,0.0,0.0,100.0
"19/04/25","17:39:00","F2","","C0A4","3390",10017,"YDBL06",1.0,"H","019E",0.000,.000,.000,.000,.000,.000,.000,.000,.000,0.00,0.00,0.0,0.0,100.0
"19/04/25","17:39:00","F2","","C0A5","3390",10017,"YDBL05",1.0,"H","019E",0.000,.000,.000,.000,.000,.000,.000,.000,.000,0.00,0.00,0.0,0.0,100.0
"19/04/25","17:39:00","F2","ARCASG","C0A6","3390",10017,"YDBA01",1.0,"H","019E",0.017,.166,.000,.000,.000,.000,.102,.000,.064,0.00,0.00,0.0,0.0,100.0
"19/04/25","17:39:00","F2","ARCASG","C0A7","3390",10017,"YDBA02",1.0,"H","019E",0.017,.179,.000,.000,.000,.000,.115,.000,.064,0.00,0.00,0.0,0.0,100.0
"19/04/25","17:39:00","F2","ARCASG","C0A8","3390",10017,"YDBA03",1.0,"H","019E",0.017,.179,.000,.000,.000,.000,.102,.000,.077,0.00,0.00,0.0,0.0,100.0
"19/04/25","17:39:00","F2","ARCASG","C0A9","3390",10017,"YDBA04",1.0,"H","019E",0.017,.179,.000,.000,.000,.000,.115,.000,.064,0.00,0.00,0.0,0.0,100.0
"19/04/25","17:39:00","F2","DBAGSG","C0AA","3390",10017,"YDBU01",1.0,"H","019E",0.017,.166,.000,.000,.000,.013,.102,.000,.064,0.00,0.00,0.0,0.0,100.0
"19/04/25","17:39:00","F2","DBAGSG","C0AB","3390",10017,"YDBU02",1.0,"H","019E",0.017,.166,.000,.000,.000,.013,.102,.000,.064,0.00,0.00,0.0,0.0,100.0
"19/04/25","17:39:00","F2","DBAGSG","C0AC","3390",10017,"YDBU03",1.0,"H","019E",0.017,.179,.000,.013,.000,.026,.115,.000,.064,0.00,0.00,0.0,0.0,100.0
"19/04/25","17:39:00","F2","DBAGSG","C0AD","3390",10017,"YDBU04",1.0,"H","019E",0.017,.192,.000,.000,.000,.205,.128,.000,.064,0.00,0.00,0.0,0.0,100.0
"19/04/25","17:39:00","F2","DBAGSG","C0AE","3390",10017,"YDBU05",1.0,"H","019E",0.017,.179,.000,.000,.000,.230,.115,.000,.064,0.00,0.00,0.0,0.0,100.0
"19/04/25","17:39:00","F2","DBAGSG","C0AF","3390",10017,"YDBU06",1.0,"H","019E",0.017,.192,.000,.000,.000,.973,.115,.000,.077,0.00,0.00,0.0,0.0,100.0
"19/04/25","17:39:00","F2","DBAGSG","C0B0","3390",10017,"YDBU07",1.0,"H","019E",0.017,.166,.000,.000,.000,.128,.102,.000,.064,0.00,0.00,0.0,0.0,100.0
"19/04/25","17:39:00","F2","DBAGSG","C0B1","3390",10017,"YDBU08",1.0,"H","019E",0.017,.166,.000,.000,.000,.102,.102,.000,.064,0.00,0.00,0.0,0.0,100.0
"19/04/25","17:39:00","F2","DBAGSG","C0B2","3390",10017,"YDBU09",1.0,"H","019E",0.017,.166,.000,.000,.000,1.20,.102,.000,.064,0.00,0.00,0.0,0.0,100.0
"19/04/25","17:39:00","F2","DBAGSG","C0B3","3390",10017,"YDBU0A",1.0,"H","019E",0.017,.166,.000,.000,.000,.486,.102,.000,.064,0.00,0.00,0.0,0.0,100.0
"19/04/25","17:39:00","F2","DBCSG","C0B4","3390",10017,"YDBC01",1.0,"H","019E",0.017,.166,.000,.000,.000,.282,.102,.000,.064,0.00,0.00,0.0,0.0,100.0
"19/04/25","17:39:00","F2","","C0B5","3390",10017,"YDBW01",1.0,"H","019E",0.000,.000,.000,.000,.000,.000,.000,.000,.000,0.00,0.00,0.0,0.0,100.0
"19/04/25","17:39:00","F2","","C0B6","3390",10017,"YDBB01",1.0,"H","019E",0.000,.000,.000,.000,.000,.000,.000,.000,.000,0.00,0.00,0.0,0.0,100.0
"19/04/25","17:39:00","F2","","C0B7","3390",10017,"YDBB02",1.0,"H","019E",0.000,.000,.000,.000,.000,.000,.000,.000,.000,0.00,0.00,0.0,0.0,100.0
"19/04/25","17:39:00","F2","","C0B8","3390",10017,"YDBI01",1.0,"H","019E",0.000,.000,.000,.000,.000,.000,.000,.000,.000,0.00,0.00,0.0,0.0,100.0
"19/04/25","17:39:00","F2","ARCMQSG","C0B9","3390",10017,"YMQAC1",1.0,"H","019E",0.017,.179,.000,.000,.000,.358,.102,.000,.077,0.00,0.00,0.0,0.0,100.0
"19/04/25","17:39:00","F2","ARCMQSG","C0BA","3390",10017,"YMQAC2",1.0,"H","019E",0.017,.218,.000,.000,.000,.294,.128,.000,.090,0.00,0.00,0.0,0.0,100.0
"19/04/25","17:39:00","F2","MBZFSSG1","C0BB","3390",10017,"YMBUR1",1.0,"H","019E",0.017,.192,.000,.000,.000,1.02,.115,.000,.077,0.00,0.00,0.0,0.0,100.0
"19/04/25","17:39:00","F2","","C0BC","3390",10017,"YMBH01",1.0,"H","019E",0.000,.000,.000,.000,.000,.000,.000,.000,.000,0.00,0.00,0.0,0.0,100.0
"19/04/25","17:39:00","F2","","C0C2","3390",10017,"YDSA1C",1.0,"H","019E",0.000,.000,.000,.000,.000,.000,.000,.000,.000,0.00,0.00,0.0,0.0,100.0
"19/04/25","17:39:00","F2","","","",,"LCU",,"","019E",2.357,.609,.000,.001,.021,.053,.145,.021,.444,0.00,0.00,0.0,14.0,100.0
"19/04/25","17:39:00","F2","","C188","3390",10017,"YCOM01",1.0,"H","019F",0.060,.722,.000,.000,.000,.021,.107,.000,.615,0.00,0.00,0.0,0.0,100.0
"19/04/25","17:39:00","F2","","C189","3390",10017,"YCOM02",1.0,"H","019F",0.000,.000,.000,.000,.000,.000,.000,.000,.000,0.00,0.00,0.0,0.0,100.0
"19/04/25","17:39:00","F2","","C18A","3390",10017,"YDSA2A",1.0,"H","019F",0.000,.000,.000,.000,.000,.000,.000,.000,.000,0.00,0.00,0.0,0.0,100.0
"19/04/25","17:39:00","F2","","C18B","3390",10017,"YDSA2B",1.0,"H","019F",0.000,.000,.000,.000,.000,.000,.000,.000,.000,0.00,0.00,0.0,0.0,100.0
"19/04/25","17:39:00","F2","SGLOGRA2","C18C","3390",10017,"YLGR21",1.0,"H","019F",0.023,.567,.000,.000,.000,.594,.110,.000,.457,0.00,0.00,0.0,0.0,100.0
"19/04/25","17:39:00","F2","","C18D","3390",10017,"YWRK01",1.0,"H","019F",0.000,.000,.000,.000,.000,.000,.000,.000,.000,0.00,0.00,0.0,0.0,100.0
"19/04/25","17:39:00","F2","SGLOGRC","C18E","3390",10017,"YLGRC1",1.0,"H","019F",0.017,.218,.000,.000,.000,.230,.141,.000,.077,0.00,0.00,0.0,0.0,100.0
"19/04/25","17:39:00","F2","","C18F","3390",10017,"YSYZ2F",1.0,"H","019F",0.000,.000,.000,.000,.000,.000,.000,.000,.000,0.00,0.00,0.0,0.0,100.0
"19/04/25","17:39:00","F2","","C190","3390",10017,"YSYZ2G",1.0,"H","019F",0.000,.000,.000,.000,.000,.000,.000,.000,.000,0.00,0.00,0.0,0.0,100.0
"19/04/25","17:39:00","F2","ZFSWITSG","C191","3390",10017,"YSYZ2H",1.0,"H","019F",0.017,.192,.000,.000,.000,.141,.115,.000,.077,0.00,0.00,0.0,0.0,100.0
"19/04/25","17:39:00","F2","ZFSBBXSG","C192","3390",10017,"YSYZ2I",1.0,"H","019F",0.017,.192,.000,.000,.000,.256,.115,.000,.077,0.00,0.00,0.0,0.0,100.0
"19/04/25","17:39:00","F2","","C193","3390",10017,"YSYZ2J",1.0,"H","019F",0.000,.000,.000,.000,.000,.000,.000,.000,.000,0.00,0.00,0.0,0.0,100.0
"19/04/25","17:39:00","F2","","C194","3390",10017,"YMQL21",1.0,"H","019F",0.000,.000,.000,.000,.000,.000,.000,.000,.000,0.00,0.00,0.0,0.0,100.0
"19/04/25","17:39:00","F2","","C195","3390",10017,"YMQL22",1.0,"H","019F",0.000,.000,.000,.000,.000,.000,.000,.000,.000,0.00,0.00,0.0,0.0,100.0
"19/04/25","17:39:00","F2","","C196","3390",10017,"YMQL23",1.0,"H","019F",0.000,.000,.000,.000,.000,.000,.000,.000,.000,0.00,0.00,0.0,0.0,100.0
"19/04/25","17:39:00","F2","","C197","3390",10017,"YMQL24",1.0,"H","019F",0.000,.000,.000,.000,.000,.000,.000,.000,.000,0.00,0.00,0.0,0.0,100.0
"19/04/25","17:39:00","F2","","C198","3390",10017,"YMQP21",1.0,"H","019F",0.000,.000,.000,.000,.000,.000,.000,.000,.000,0.00,0.00,0.0,0.0,100.0
"19/04/25","17:39:00","F2","","C199","3390",10017,"YWAS21",1.0,"H","019F",0.000,.000,.000,.000,.000,.000,.000,.000,.000,0.00,0.00,0.0,0.0,100.0
"19/04/25","17:39:00","F2","","C19A","3390",10017,"YDBL03",1.0,"H","019F",0.000,.000,.000,.000,.000,.000,.000,.000,.000,0.00,0.00,0.0,0.0,100.0
"19/04/25","17:39:00","F2","","C19B","3390",10017,"YDBL04",1.0,"H","019F",0.000,.000,.000,.000,.000,.000,.000,.000,.000,0.00,0.00,0.0,0.0,100.0
"19/04/25","17:39:00","F2","","C19C","3390",10017,"YDBL08",1.0,"H","019F",0.000,.000,.000,.000,.000,.000,.000,.000,.000,0.00,0.00,0.0,0.0,100.0
"19/04/25","17:39:00","F2","","C19D","3390",10017,"YDBL07",1.0,"H","019F",0.000,.000,.000,.000,.000,.000,.000,.000,.000,0.00,0.00,0.0,0.0,100.0
"19/04/25","17:39:00","F2","ARCBSG","C19E","3390",10017,"YDBA05",1.0,"H","019F",0.017,.192,.000,.000,.000,.090,.115,.000,.077,0.00,0.00,0.0,0.0,100.0
"19/04/25","17:39:00","F2","ARCBSG","C19F","3390",10017,"YDBA06",1.0,"H","019F",0.017,.192,.000,.000,.000,.435,.115,.000,.077,0.00,0.00,0.0,0.0,100.0
"19/04/25","17:39:00","F2","ARCBSG","C1A0","3390",10017,"YDBA07",1.0,"H","019F",0.017,.218,.000,.000,.000,.038,.128,.000,.090,0.00,0.00,0.0,0.0,100.0
"19/04/25","17:39:00","F2","ARCBSG","C1A1","3390",10017,"YDBA08",1.0,"H","019F",0.017,.192,.000,.000,.000,.064,.115,.000,.077,0.00,0.00,0.0,0.0,100.0
"19/04/25","17:39:00","F2","DBAGSG","C1A2","3390",10017,"YDBU0B",1.0,"H","019F",0.017,.230,.000,.000,.000,.051,.141,.000,.090,0.00,0.00,0.0,0.0,100.0
"19/04/25","17:39:00","F2","DBAGSG","C1A3","3390",10017,"YDBU0C",1.0,"H","019F",0.017,.269,.000,.000,.000,.205,.154,.000,.115,0.00,0.00,0.0,0.0,100.0
"19/04/25","17:39:00","F2","DBAGSG","C1A4","3390",10017,"YDBU0D",1.0,"H","019F",0.017,.205,.000,.000,.000,.038,.128,.000,.077,0.00,0.00,0.0,0.0,100.0
"19/04/25","17:39:00","F2","DBAGSG","C1A5","3390",10017,"YDBU0E",1.0,"H","019F",0.017,.282,.000,.000,.000,.102,.179,.000,.102,0.00,0.00,0.0,0.0,100.0
"19/04/25","17:39:00","F2","DBAGSG","C1A6","3390",10017,"YDBU0F",1.0,"H","019F",0.017,.218,.000,.000,.000,.000,.128,.000,.090,0.00,0.00,0.0,0.0,100.0
"19/04/25","17:39:00","F2","DBAGSG","C1A7","3390",10017,"YDBU10",1.0,"H","019F",0.017,.256,.000,.000,.000,.013,.154,.000,.102,0.00,0.00,0.0,0.0,100.0
"19/04/25","17:39:00","F2","DBAGSG","C1A8","3390",10017,"YDBU11",1.0,"H","019F",0.017,.243,.000,.000,.000,.090,.154,.000,.090,0.00,0.00,0.0,0.0,100.0
"19/04/25","17:39:00","F2","DBAGSG","C1A9","3390",10017,"YDBU12",1.0,"H","019F",0.017,.205,.000,.000,.000,.000,.128,.000,.077,0.00,0.00,0.0,0.0,100.0
"19/04/25","17:39:00","F2","DBAGSG","C1AA","3390",10017,"YDBU13",1.0,"H","019F",0.017,.307,.000,.000,.000,.026,.205,.000,.102,0.00,0.00,0.0,0.0,100.0
"19/04/25","17:39:00","F2","DBAGSG","C1AB","3390",10017,"YDBU14",1.0,"H","019F",0.017,.205,.000,.000,.000,.000,.128,.000,.077,0.00,0.00,0.0,0.0,100.0
"19/04/25","17:39:00","F2","","C1AC","3390",10017,"YDBM01",1.0,"H","019F",0.000,.000,.000,.000,.000,.000,.000,.000,.000,0.00,0.00,0.0,0.0,100.0
"19/04/25","17:39:00","F2","","C1AD","3390",10017,"YDBW02",1.0,"H","019F",0.000,.000,.000,.000,.000,.000,.000,.000,.000,0.00,0.00,0.0,0.0,100.0
"19/04/25","17:39:00","F2","","C1AE","3390",10017,"YDBT01",1.0,"H","019F",0.000,.000,.000,.000,.000,.000,.000,.000,.000,0.00,0.00,0.0,0.0,100.0
"19/04/25","17:39:00","F2","","C1AF","3390",10017,"YDBT02",1.0,"H","019F",0.000,.000,.000,.000,.000,.000,.000,.000,.000,0.00,0.00,0.0,0.0,100.0
"19/04/25","17:39:00","F2","","C1B0","3390",10017,"YDBT03",1.0,"H","019F",0.000,.000,.000,.000,.000,.000,.000,.000,.000,0.00,0.00,0.0,0.0,100.0
"19/04/25","17:39:00","F2","ARCMQSG","C1B1","3390",10017,"YMQAC3",1.0,"H","019F",0.017,.218,.000,.000,.000,.000,.141,.000,.077,0.00,0.00,0.0,0.0,100.0
"19/04/25","17:39:00","F2","ARCMQSG","C1B2","3390",10017,"YMQAC4",1.0,"H","019F",0.017,.218,.000,.000,.000,.000,.115,.000,.102,0.00,0.00,0.0,0.0,100.0
"19/04/25","17:39:00","F2","MBZFSSG2","C1B3","3390",10017,"YMBUR2",1.0,"H","019F",0.017,.256,.000,.000,.000,.000,.166,.000,.090,0.00,0.00,0.0,0.0,100.0
"19/04/25","17:39:00","F2","","C1B4","3390",10017,"YMBH02",1.0,"H","019F",0.000,.000,.000,.000,.000,.000,.000,.000,.000,0.00,0.00,0.0,0.0,100.0
"19/04/25","17:39:00","F2","SMDSSG","C1B5","3390",10017,"YMQSM1",1.0,"H","019F",0.017,.205,.000,.000,.000,.000,.115,.000,.090,0.00,0.00,0.0,0.0,100.0
"19/04/25","17:39:00","F2","SMDSSG","C1B6","3390",10017,"YMQSM2",1.0,"H","019F",0.017,.205,.000,.000,.000,.000,.115,.000,.090,0.00,0.00,0.0,0.0,100.0
"19/04/25","17:39:00","F2","SMDSSG","C1B7","3390",10017,"YMQSM3",1.0,"H","019F",0.017,.192,.000,.000,.000,.000,.115,.000,.077,0.00,0.00,0.0,0.0,100.0
"19/04/25","17:39:00","F2","SMDSSG","C1B8","3390",10017,"YMQSM4",1.0,"H","019F",0.017,.243,.000,.000,.000,.000,.141,.000,.102,0.00,0.00,0.0,0.0,100.0
"19/04/25","17:39:00","F2","","C1BF","3390",10017,"XXC1BF",1.0,"H","019F",0.000,.000,.000,.000,.000,.000,.000,.000,.000,0.00,0.00,0.0,0.0,100.0
"19/04/25","17:39:00","F2","","C1C0","3390",10017,"XXC1C0",1.0,"H","019F",0.000,.000,.000,.000,.000,.000,.000,.000,.000,0.00,0.00,0.0,0.0,100.0
"19/04/25","17:39:00","F2","","C1C1","3390",10017,"XXC1C1",1.0,"H","019F",0.000,.000,.000,.000,.000,.000,.000,.000,.000,0.00,0.00,0.0,0.0,100.0
"19/04/25","17:39:00","F2","","C1C2","3390",10017,"YDSA2C",1.0,"H","019F",0.000,.000,.000,.000,.000,.000,.000,.000,.000,0.00,0.00,0.0,0.0,100.0
"19/04/25","17:39:00","F2","","","",,"LCU",,"","019F",0.483,.301,.000,.000,.000,.093,.131,.000,.171,0.00,0.00,0.0,0.0,100.0
